상품명,스펙 목록,가격
삼성전자 비스포크 제트 VS20A956A3,핸디/스틱청소기 / 핸디+스틱형 / 무선형 / 흡입+걸레겸용 / [성능] 흡입력: 210W / 제트싸이클론 / 디지털인버터모터 / [배터리] 충전시간: 3시간30분 / 사용시간(개당): 1시간 / 분리형 (1개) / 리튬이온 / [필터] 5단계여과 / [기능] 자동물공급 / 디스플레이표시창 / 배터리잔량표시 / 자동먼지비움 / [구성] 바닥 / 솔형 / 틈새 / 연장툴 / 청정스테이션 / [부가] 먼지통용량: 0.5L / 색상: 미스티화이트 / 무게: 2.5kg / 액세서리크래들  / 크기(가로x세로x깊이): 250x930x202mm,516230
xMUHRBMkIU,xMUHRBMkIU92238,92238
LG전자 오브제컬렉션 코드제로 ThinQ A9S AO9571,핸디/스틱청소기 / 핸디+스틱형 / 무선형 / 흡입+걸레겸용 / 소비전력: 590W / [성능] 흡입력: 210W / 2중터보싸이클론 / 스마트인버터모터 / [배터리] 충전시간: 4시간 / 사용시간(개당): 1시간 / 분리형 (2개) / 리튬이온 / [필터] 분리형배기필터 / 헤파필터 / H13급 / 5단계여과 / [기능] 자동물공급 / 배터리잔량표시 / IoT기능 / 자동먼지비움 / [구성] 바닥 / 물걸레 / 침구 / 솔형 / 틈새 / 올인원타워 / [부가] 색상: 카밍베이지 / 무게: 2.6kg / 크기(가로x세로x깊이): 250x1120x260mm,1010100
샤오미 CLEANFLY 차량용 무선 청소기 4세대 H2 (해외구매),"차량용청소기 / 무선 / 흡입력: 16,800Pa / 최대출력: 120W / 헤파필터 / 스테인리스 필터 / 추가노즐: 틈새, 솔브러쉬, 연장호스 / 사용시간: 30분 / 소음: 73.8dB / 충전방식: USB C타입 / 배터리용량: 2,000mAh / 색상: 블랙, 화이트 / 크기: 369x72mm / 무게: 560g",60750
베이스어스 차량용 청소기 A3 (해외구매),"차량용청소기 / 무선 / 흡입력: 15,000Pa / 최대출력: 135W / 헤파필터 / 추가노즐: 틈새, 솔브러쉬 / LED라이트 / 사용시간: 45분 / 배터리 잔량표시 / 소음: 75dB / 충전방식: USB C타입 / 충전시간: 3~5시간 / 색상: 그린, 실버 / 크기: 296x56.5mm",48920
샤오미 드리미 V10,핸디/스틱청소기 / 핸디+스틱형 / 무선형 / 흡입전용 / 소비전력: 450W / [성능] 흡입력: 140AW / 흡입력: 22000Pa / 멀티싸이클론 / BLDC모터 / [배터리] 충전시간: 3시간30분 / 사용시간(개당): 1시간 / [필터] 헤파필터 / H12급 / 5단계여과 / [구성] 바닥 / 침구 / 솔형 / 틈새 / 연장툴 / 거치대 / [부가] 먼지통용량: 0.5L / 색상: 화이트 / 무게: 1.5kg,161500
,,
LG전자 코드제로 ThinQ A9S AS9370IKT,핸디/스틱청소기 / 핸디+스틱형 / 무선형 / 흡입+걸레겸용 / 소비전력: 590W / [성능] 흡입력: 200W / 2중터보싸이클론 / 스마트인버터모터 / [배터리] 충전시간: 4시간 / 사용시간(개당): 1시간 / 분리형 (1개) / 리튬이온 / [필터] 헤파필터 / H13급 / 5단계여과 / [기능] 자동물공급 / 배터리잔량표시 / IoT기능 / 자동먼지비움 / [구성] 바닥 / 물걸레 / 솔형 / 틈새 / 올인원타워 / [부가] 색상: 아이언그레이+딥그레이 / 무게: 2.6kg / 크기(가로x세로x깊이): 250x1120x260mm,786820
허밍 차량용 무선 에어건 프로 HME-C15000G,"차량용청소기 / 무선 / 최대출력: 60W / 추가노즐: 틈새, 솔브러쉬 / LED라이트 / 사용시간: 48~60분 / 충전시간: 7시간 / 충전방식: USB C타입 / 배터리용량: 15,000mAh / 크기: 130x79mm / 무게: 475g",49900
삼성전자 비스포크 제트 VS20A957E3,핸디/스틱청소기 / 핸디+스틱형 / 무선형 / 흡입+걸레겸용 / [성능] 흡입력: 210W / 제트싸이클론 / 디지털인버터모터 / [배터리] 충전시간: 3시간30분 / 사용시간(개당): 1시간 / 분리형 (2개) / 리튬이온 / [필터] 5단계여과 / [기능] 자동물공급 / 디스플레이표시창 / 배터리잔량표시 / 자동먼지비움 / [구성] 바닥 / 물걸레 / 침구 / 솔형 / 틈새 / 연장툴 / 청정스테이션 / [부가] 먼지통용량: 0.5L / 색상: 미드나잇블루 / 무게: 2.5kg / 액세서리크래들  / 크기(가로x세로x깊이): 250x930x202mm,710210
샤오미 미지아 차량용 핸디 무선 청소기 (해외구매),"차량용청소기 / 무선 / 흡입력: 13,000Pa / 최대출력: 120W / 헤파필터 / 추가노즐: 틈새, 솔브러쉬 / 사용시간: 9~30분 / 버튼 잠금 장치 / 2단 세기 조절 / 크기: 55x267mm / 무게: 500g",38130
다이슨 V10 플러피 오리진,핸디/스틱청소기 / 핸디+스틱형 / 무선형 / 흡입전용 / [성능] 흡입력: 151AW / 싸이클론 / [배터리] 충전시간: 3시간30분 / 사용시간(개당): 1시간 / [구성] 소프트롤러 / 미니모터 / 솔형 / 더스팅 / 틈새 / 도킹스테이션 / [부가] 먼지통용량: 0.5L / 색상: 레드 / 무게: 2.5kg / 크기(가로x세로x깊이): 256x1241x250mm,569730
,,
LG전자 코드제로 ThinQ A9S A9370,핸디/스틱청소기 / 핸디+스틱형 / 무선형 / 흡입+걸레겸용 / 소비전력: 590W / [성능] 2중터보싸이클론 / 인버터모터 / [배터리] 충전시간: 4시간 / 사용시간(개당): 1시간 / 분리형 (1개) / 리튬이온 / [필터] 헤파필터 / H13급 / 5단계여과 / [기능] 자동물공급 / 디스플레이표시창 / 배터리잔량표시 / IoT기능 / [구성] 바닥 / 물걸레 / 솔형 / 틈새 / 거치대 / [부가] 색상: 아이언그레이 / 크기(가로x세로x깊이): 250x1120x260mm,652980
다이슨 V12 디텍트 슬림 컴플리트,핸디/스틱청소기 / 핸디+스틱형 / 무선형 / 흡입전용 / [성능] 흡입력: 150AW / 루트싸이클론 / [배터리] 충전시간: 3시간30분 / 사용시간(개당): 1시간 / 분리형 (1개) / [필터] 헤파필터 / [기능] 먼지감지센서 / 디스플레이표시창 / [구성] 레이저슬림플러피 / 다이렉트드라이브 / 헤어스크류 / 솔형 / 더스팅 / 스터번더트 / 틈새 / 거치대 / 도킹스테이션 / [부가] 먼지통용량: 0.35L / 색상: 옐로우/아이언/니켈 / 무게: 2.2kg / 크기(가로x세로x깊이): 250x1095x251mm,910800
삼성전자 비스포크 제트 VS20A957D3,핸디/스틱청소기 / 핸디+스틱형 / 무선형 / 흡입+걸레겸용 / [성능] 흡입력: 210W / 제트싸이클론 / 디지털인버터모터 / [배터리] 충전시간: 3시간30분 / 사용시간(개당): 1시간 / 분리형 (2개) / 리튬이온 / [필터] 5단계여과 / [기능] 자동물공급 / 디스플레이표시창 / 배터리잔량표시 / 자동먼지비움 / [구성] 바닥 / 물걸레 / 솔형 / 틈새 / 연장툴 / 청정스테이션 / [부가] 먼지통용량: 0.5L / 색상: 미드나잇블루 / 무게: 2.5kg / 액세서리크래들  / 크기(가로x세로x깊이): 250x930x202mm,662950
LG전자 코드제로 ThinQ A9S AT9200BA,핸디/스틱청소기 / 핸디+스틱형 / 무선형 / 흡입+걸레겸용 / 소비전력: 590W / [성능] 흡입력: 200W / 2중터보싸이클론 / 스마트인버터모터 / [배터리] 충전시간: 4시간 / 사용시간(개당): 1시간 / 분리형 (1개) / 리튬이온 / [필터] 분리형배기필터 / 헤파필터 / H13급 / 5단계여과 / [기능] 자동물공급 / 배터리잔량표시 / IoT기능 / 자동먼지비움 / [구성] 바닥 / 솔형 / 틈새 / 올인원타워 / [부가] 색상: 블랙+딥그레이 / 무게: 2.6kg / 크기(가로x세로x깊이): 250x1120x260mm,673370
LG전자 코드제로 ThinQ A9S AS9371IKT,핸디/스틱청소기 / 핸디+스틱형 / 무선형 / 흡입+걸레겸용 / 소비전력: 590W / [성능] 흡입력: 210W / 2중터보싸이클론 / 스마트인버터모터 / [배터리] 충전시간: 4시간 / 사용시간(개당): 1시간 / 분리형 (1개) / 리튬이온 / [필터] 분리형배기필터 / 헤파필터 / H13급 / 5단계여과 / [기능] 자동물공급 / 배터리잔량표시 / IoT기능 / 자동먼지비움 / [구성] 바닥 / 물걸레 / 솔형 / 틈새 / 올인원타워 / [부가] 색상: 아이언그레이+딥그레이 / 무게: 2.6kg / 크기(가로x세로x깊이): 250x1120x260mm,776300
,,
아이나비 HUB 스마트 무선 에어건 EPI-A218,"차량용청소기 / 무선 / 최대출력: 60W / 추가노즐: 틈새, 솔브러쉬 / LED라이트 / 사용시간: 20~30분 / 충전시간: 4시간 / 충전방식: USB C타입 / 배터리용량: 6,000mAh / 크기: 195x68x136mm / 무게: 390g",49610
LG전자 오브제컬렉션 코드제로 ThinQ A9S AT9471WC,핸디/스틱청소기 / 핸디+스틱형 / 무선형 / 흡입+걸레겸용 / 소비전력: 590W / [성능] 흡입력: 210W / 2중터보싸이클론 / 스마트인버터모터 / [배터리] 충전시간: 4시간 / 사용시간(개당): 1시간 / 분리형 (2개) / 리튬이온 / [필터] 분리형배기필터 / 헤파필터 / H13급 / 5단계여과 / [기능] 자동물공급 / 배터리잔량표시 / IoT기능 / 자동먼지비움 / [구성] 바닥 / 물걸레 / 솔형 / 틈새 / 올인원타워 / [부가] 색상: 카밍베이지 / 무게: 2.6kg / 크기(가로x세로x깊이): 250x1120x260mm,1025280
DIBEA 차이슨 ALLNEW22000 (2022년형),핸디/스틱청소기 / 핸디+스틱형 / 무선형 / 흡입+걸레겸용 / 소비전력: 295W / [성능] 흡입력: 30000Pa / 싸이클론 / BLDC모터 / [배터리] 충전시간: 4~5시간 / 사용시간(개당): 40분 / 리튬이온 / [필터] 헤파필터 / H13급 / 4단계여과 / [기능] LED라이트 / 배터리잔량표시 / [구성] 바닥 / 침구 / 솔형 / 틈새 / 연장툴 / 거치대 / [부가] 먼지통용량: 0.55L / 무게: 2.2kg / 크기(가로x세로x깊이): 240x1040x212mm,178000
삼성전자 비스포크 제트 VS20A956A3 + 물걸레,핸디/스틱청소기 / 핸디+스틱형 / 무선형 / 흡입+걸레겸용 / [성능] 흡입력: 210W / 제트싸이클론 / 디지털인버터모터 / [배터리] 충전시간: 3시간30분 / 사용시간(개당): 1시간 / 분리형 (1개) / 리튬이온 / [필터] 5단계여과 / [기능] 자동물공급 / 디스플레이표시창 / 배터리잔량표시 / 자동먼지비움 / [구성] 바닥 / 물걸레 / 솔형 / 틈새 / 연장툴 / 청정스테이션 / [부가] 먼지통용량: 0.5L / 색상: 미스티화이트 / 무게: 2.5kg / 액세서리크래들  / 크기(가로x세로x깊이): 250x930x202mm,644810
오아 클린벨 핸디 미니 차량용 청소기,"차량용청소기 / 무선 / 흡입력: 5,500Pa / 2중필터 / 헤파필터 / 추가노즐: 연장호스 / 사용시간: 20분 / 크기: 71x298mm / 무게: 570g",42900
삼성전자 비스포크 제트 VS20A957D2,핸디/스틱청소기 / 핸디+스틱형 / 무선형 / 흡입+걸레겸용 / [성능] 흡입력: 210W / 제트싸이클론 / 디지털인버터모터 / [배터리] 충전시간: 3시간30분 / 사용시간(개당): 1시간 / 분리형 (2개) / 리튬이온 / [필터] 5단계여과 / [기능] 자동물공급 / 디스플레이표시창 / 배터리잔량표시 / 자동먼지비움 / [구성] 바닥 / 물걸레 / 솔형 / 틈새 / 청정스테이션 / [부가] 먼지통용량: 0.5L / 색상: 미스티화이트 / 무게: 2.5kg / 액세서리크래들  / 크기(가로x세로x깊이): 250x930x202mm,688180
삼성전자 제트 VS20T9218QDCC,핸디/스틱청소기 / 핸디+스틱형 / 무선형 / 흡입+걸레겸용 / 소비전력: 550W / [성능] 흡입력: 200W / 싸이클론 / 인버터모터 / [배터리] 충전시간: 3시간30분 / 사용시간(개당): 1시간 / 분리형 (1개) / 리튬이온 / [필터] 헤파필터 / 5단계여과 / [기능] 디스플레이표시창 / 프리볼트 / [구성] 바닥 / 물걸레 / 솔형 / 틈새 / 연장툴 / 거치대 / 청정스테이션 / [부가] 먼지통용량: 0.5L / 색상: 티탄+그레이 / 무게: 2.64kg / 크기(가로x세로x깊이): 250x1123x215mm,463190
다이슨 V12 디텍트 슬림 앱솔루트 엑스트라,핸디/스틱청소기 / 핸디+스틱형 / 무선형 / 흡입전용 / [성능] 흡입력: 150AW / 루트싸이클론 / [배터리] 충전시간: 3시간30분 / 사용시간(개당): 1시간 / 분리형 (1개) / [필터] 헤파필터 / [기능] 먼지감지센서 / 디스플레이표시창 / [구성] 레이저슬림플러피 / 다이렉트드라이브 / 헤어스크류 / 솔형 / 더스팅 / 스터번더트 / 틈새 / 업탑어댑터 / 거치대 / 도킹스테이션 / [부가] 먼지통용량: 0.35L / 색상: 옐로우/아이언/니켈 / 무게: 2.2kg / 크기(가로x세로x깊이): 250x1095x251mm,931670
LG전자 코드제로 ThinQ A9S AS9470,핸디/스틱청소기 / 핸디+스틱형 / 무선형 / 흡입+걸레겸용 / 소비전력: 590W / [성능] 흡입력: 200W / 2중터보싸이클론 / 스마트인버터모터 / [배터리] 충전시간: 4시간 / 사용시간(개당): 1시간 / 분리형 (2개) / 리튬이온 / [필터] 일체형배기필터 / 헤파필터 / H13급 / 5단계여과 / [기능] 자동물공급 / 배터리잔량표시 / IoT기능 / 자동먼지비움 / [구성] 바닥 / 물걸레 / 솔형 / 틈새 / 올인원타워 / [부가] 색상: 아이언그레이 / 무게: 2.6kg / 크기(가로x세로x깊이): 250x1120x260mm,842740
일렉트로룩스 WELL Q6 WQ61-1OGG,핸디/스틱청소기 / 핸디+스틱형 / 무선형 / 흡입전용 / [성능] 싸이클론 / [배터리] 충전시간: 4시간30분 / 사용시간(개당): 45분 / 내장형 / 리튬이온 / [필터] 5단계여과 / [기능] 브러쉬자동청소 / 셀프스탠딩 / LED라이트 / 배터리잔량표시 / [구성] 바닥 / 솔형 / 틈새 / 거치대 / [부가] 먼지통용량: 0.3L / 색상: 그라나이트그레이 / 무게: 2.65kg / 크기(가로x세로x깊이): 386x692x146mm,140770
오아 클린보틀 차량용 청소기 OA-CL002,"차량용청소기 / 무선 / 흡입력: 6,500Pa / 헤파필터 / 추가노즐: 틈새, 솔브러쉬 / 사용시간: 20분 / 충전시간: 2.5시간 / 크기: 73x73x305mm / 무게 : 703g",57900
샤오미 TROUVER POWER 11,핸디/스틱청소기 / 핸디+스틱형 / 무선형 / 흡입전용 / 소비전력: 400W / [성능] 흡입력: 20000Pa / [배터리] 충전시간: 4시간 / 사용시간(개당): 1시간 / 분리형 (1개) / 리튬이온 / [필터] 헤파필터 / 5단계여과 / [기능] 디스플레이표시창 / 배터리잔량표시 / [구성] 바닥 / 카펫 / 솔형 / 틈새 / 거치대 / [부가] 먼지통용량: 0.4L / 색상: 화이트+오렌지 / 무게: 1.45kg / 크기(가로x세로): 227x1227mm,91750
인트비즈 MORUN 차량용 무선 진공 청소기 V6,"차량용청소기 / 무선 / 흡입력: 15,000Pa / 헤파필터 / 추가노즐: 틈새, 솔브러쉬, 연장호스 / 사용시간: 12분(고속),25분(저속) / 배터리 용량: 2000mAh  / 충전시간: 3.5 시간 / 크기: 54x330mm / 무게: 532g",79000
한라홀딩스 만도 소형 청소기 MC-100,"차량용청소기 / 무선 / 흡입력: 8,000Pa / 헤파필터 / 스테인리스 필터 / 추가노즐: 틈새, 솔브러쉬, 연장호스 / LED라이트 / 사용시간: 20분 / 충전방식: USB C타입 / 배터리용량: 6,000mAh 크기: 241x71x50mm / 무게: 550g",89000
샤오미 LYDSTO 핸디형 에어펌프 진공청소기,"차량용청소기 / 무선 / 흡입력: ~7,000Pa / 충전방식: USB C타입 / 배터리용량: 2,500mAH / 크기: 315x54x54mm / 무게: 570g / 압력설정 / 최대압력: 120psi",55700
LG전자 오브제컬렉션 코드제로 ThinQ A9S AT9201WB,핸디/스틱청소기 / 핸디+스틱형 / 무선형 / 흡입+걸레겸용 / 소비전력: 590W / [성능] 흡입력: 210W / 2중터보싸이클론 / 스마트인버터모터 / [배터리] 충전시간: 4시간 / 사용시간(개당): 1시간 / 분리형 (1개) / 리튬이온 / [필터] 타공/분리형배기필터 / 헤파필터 / H13급 / 5단계여과 / [기능] 자동물공급 / 배터리잔량표시 / IoT기능 / 자동먼지비움 / [구성] 바닥 / 솔형 / 틈새 / 올인원타워 / [부가] 색상: 카밍베이지 / 무게: 2.6kg / 크기(가로x세로x깊이): 250x1120x260mm,759980
샤오미 CLEANFLY 차량용 무선 청소기 3세대 (해외구매),"차량용청소기 / 무선 / 흡입력: 16,800Pa / 최대출력: 120W / 헤파필터 / 스테인리스 필터 / 추가노즐: 틈새, 솔브러쉬, 연장호스 / 사용시간: 25분 / 크기: 369x72mm / 무게: 560g / 충전방식: USB C타입 / 배터리용량: 2,000mAh",57440
다이슨 디지털 슬림 플러피+,핸디/스틱청소기 / 핸디+스틱형 / 무선형 / 흡입전용 / [성능] 흡입력: 100AW / 싸이클론 / [배터리] 충전시간: 3시간30분 / 사용시간(개당): 40분 / 분리형 (1개) / [필터] 5단계여과 / [기능] 디스플레이표시창 / [구성] 슬림소프트롤러 / 미니모터 / 솔형 / 스터번더트 / 틈새 / 매트리스 / 연장툴 / 거치대 / 도킹스테이션 / [부가] 먼지통용량: 0.3L / 색상: 오렌지 / 무게: 1.9kg / 크기(가로x세로x깊이): 250x1100x250mm,649000
LG전자 코드제로 A9 A9100N,핸디/스틱청소기 / 핸디+스틱형 / 무선형 / 흡입+걸레겸용 / 소비전력: 450W / [성능] 흡입력: 140W / 2중터보싸이클론 / 인버터모터 / [배터리] 충전시간: 4시간 / 사용시간(개당): 50분 / 분리형 (1개) / 리튬이온 / [필터] 헤파필터 / H13급 / 5단계여과 / [기능] 배터리잔량표시 / [구성] 바닥 / 솔형 / 틈새 / 거치대 / [부가] 색상: 판타지실버 / 크기(가로x세로x깊이): 250x1120x260mm,508030
제이엠스퀘어 바넥스 차량용 무선 청소기 BX-C30,"차량용청소기 / 무선 / 흡입력: 5,200Pa / 최대출력: 80W / 헤파필터 / 추가노즐: 솔브러쉬 / 사용시간: 20분 / 크기: 235x65x65mm / 무게: 595g / 충전시간: 4시간 / 먼지통용량: 120ml",44900
캐치웰 차량용 핸디 텀블러 청소기 THC1000,"차량용청소기 / 무선 / 흡입력: 8,000Pa / 최대출력: 75W / 헤파필터 / 스테인리스 필터 / 추가노즐: 틈새, 솔브러쉬, 연장호스 / 싸이클론 / 사용시간: 20~28분 / 충전시간: 4시간 / 무게: 580g / 색상: 그레이, 화이트, 블랙",39900
조아스 차량용 에어건 청소기 JVC-2000,"차량용청소기 / 무선 / 흡입력: 5,500Pa / 최대출력: 60W / 헤파필터 / 추가노즐: 틈새, 솔브러쉬 / 사용시간: 20분 / 충전시간: 2시간 / 충전방식: USB C타입 / 크기: 142x172mm / 무게: 280g",35400
샤오미 SHUNZAO 차량용 무선청소기 2세대 Z1 PRO (해외구매),"차량용청소기 / 무선 / 흡입력: 12,000Pa / 최대출력: 120W / 2중필터 / 추가노즐: 틈새, 솔브러쉬 / LED라이트 / 사용시간: 30분 / 충전시간: 2시간30분 / 충전방식: USB C타입 / 크기: 73x76x336mm / 무게: 610g",46700
인트비즈 MORUN 차량용 무선 미니 청소기 V5,"차량용청소기 / 무선 / 흡입력: 13,000Pa / 헤파필터 / 추가노즐: 틈새, 솔브러쉬, 연장호스 / 사용시간: 12분(고속),25분(저속) / 리튬이온배터리 / 색상: 바닐라화이트, 메탈그레이 / 크기: 56x330mm / 무게: 540g",87000
알로코리아 차량용 무선 청소기 AVC1,"차량용청소기 / 무선 / 흡입력: 4,500Pa / 헤파필터 / 스테인리스 필터 / 추가노즐: 틈새, 솔브러쉬 / 사용시간: 25분 / 크기: 55.5x55.5x26mm / 무게: 395g",43900
일렉트로룩스 ZB3302AK,핸디/스틱청소기 / 핸디+스틱형 / 무선형 / 흡입전용 / [배터리] 충전시간: 4시간 / 사용시간(개당): 42분 / 내장형 / 리튬이온 / [필터] 4단계여과 / [기능] 브러쉬자동청소 / 셀프스탠딩 / LED라이트 / 배터리잔량표시 / [구성] 바닥 / 침구 / 틈새 / 긴틈새 / 패브릭 / 연장툴 / 거치대 / [부가] 먼지통용량: 0.42L / 색상: 스페이스틸 / 무게: 3.22kg / 크기(가로x세로x깊이): 303x690x162mm,139780
LG전자 코드제로 ThinQ A9S AT9571IB,핸디/스틱청소기 / 핸디+스틱형 / 무선형 / 흡입+걸레겸용 / 소비전력: 590W / [성능] 흡입력: 210W / 2중터보싸이클론 / 스마트인버터모터 / [배터리] 충전시간: 4시간 / 사용시간(개당): 1시간 / 분리형 (1개) / 리튬이온 / [필터] 헤파필터 / H13급 / 5단계여과 / [기능] 자동물공급 / 배터리잔량표시 / IoT기능 / 자동먼지비움 / [구성] 바닥 / 물걸레 / 침구 / 솔형 / 틈새 / 올인원타워 / [부가] 색상: 아이언그레이+딥그레이 / 무게: 2.6kg / 크기(가로x세로x깊이): 250x1120x260mm,1269420
LG전자 코드제로 ThinQ A9S AS9471,핸디/스틱청소기 / 핸디+스틱형 / 무선형 / 흡입+걸레겸용 / 소비전력: 590W / [성능] 흡입력: 210W / 2중터보싸이클론 / 스마트인버터모터 / [배터리] 충전시간: 4시간 / 사용시간(개당): 1시간 / 분리형 (2개) / 리튬이온 / [필터] 분리형배기필터 / 헤파필터 / H13급 / 5단계여과 / [기능] 자동물공급 / 배터리잔량표시 / IoT기능 / 자동먼지비움 / [구성] 바닥 / 물걸레 / 솔형 / 틈새 / 올인원타워 / [부가] 색상: 블랙 / 무게: 2.6kg / 크기(가로x세로x깊이): 250x1120x260mm,873870
hyeQfXdlDM,hyeQfXdlDM862176,862176
삼성전자 비스포크 제트 VS20A956AVW,핸디/스틱청소기 / 핸디+스틱형 / 무선형 / 흡입+걸레겸용 / [성능] 흡입력: 210W / 제트싸이클론 / 디지털인버터모터 / [배터리] 충전시간: 3시간30분 / 사용시간(개당): 1시간 / 분리형 (1개) / 리튬이온 / [필터] 5단계여과 / [기능] 자동물공급 / 디스플레이표시창 / 배터리잔량표시 / 자동먼지비움 / [구성] 바닥 / 솔형 / 틈새 / 청정스테이션 / [부가] 먼지통용량: 0.5L / 색상: 미스티화이트 / 무게: 2.5kg / 크기(가로x세로x깊이): 250x930x202mm,514340
삼성전자 제트 VS15R8577Q5CW,핸디/스틱청소기 / 핸디+스틱형 / 무선형 / 흡입+걸레겸용 / 소비전력: 410W / [성능] 흡입력: 150W / 싸이클론 / 인버터모터 / [배터리] 충전시간: 3시간30분 / 사용시간(개당): 1시간 / 분리형 (2개) / 리튬이온 / [필터] 헤파필터 / 5단계여과 / [기능] 디스플레이표시창 / 프리볼트 / [구성] 바닥 / 물걸레 / 솔형 / 틈새 / 거치대 / 청정스테이션 / [부가] 먼지통용량: 0.5L / 색상: 틸실버 / 무게: 2.64kg / 크기(가로x세로x깊이): 250x1123x215mm,476380
,,
DIBEA 차이슨 ALLNEW29000,"핸디/스틱청소기 / 핸디+스틱형 / 무선형 / 흡입+걸레겸용 / 소비전력: 380W / [성능] 흡입력: 29000Pa / BLDC모터 / 충전시간: 4시간 / 사용시간(개당): 48분 / 분리형 (1개) / [필터] 헤파필터 / H13급 / 4단계여과 / [기능] LED라이트 / 배터리잔량표시 / [구성] 바닥 / 물걸레 / 침구 / 솔형 / 틈새 / 패브릭 / 연장툴 / 거치대 / [부가] 먼지통용량: 0.7L / 색상: 폴라나이트그레이, 미드나이트블랙 / 무게: 2.4kg / UV살균 / 크기(가로x세로x깊이): 255x1150x200mm",248000
다이슨 V15 디텍트 컴플리트,핸디/스틱청소기 / 핸디+스틱형 / 무선형 / 흡입전용 / [성능] 흡입력: 240AW / 루트싸이클론 / [배터리] 충전시간: 4시간30분 / 사용시간(개당): 1시간 / 분리형 (1개) / [필터] 헤파필터 / [기능] 먼지감지센서 / 디스플레이표시창 / [구성] 하이토크 / 레이저슬림플러피 / 헤어스크류 / 솔형 / 더스팅 / 스터번더트 / 틈새 / 거치대 / 도킹스테이션 / [부가] 먼지통용량: 0.54L / 색상: 옐로우/아이언/니켈 / 무게: 3kg / 크기(가로x세로x깊이): 250x1086x250mm,1160830
에어메이드 AMC-2150,물걸레청소기 / 스틱형 / 물걸레+진공 / 롤러식 / 무선형 / 충전시간: 4시간30분 / 사용시간(개당): 30분 / [기능] 각도조절 / 거치대 / 걸레자동세척 / [부가] 무게: 3.26kg / 패드: 극세사 / 크기(가로x세로x깊이): 274x1130x174mm,191200
차량용 MAX 무선 청소기 X111-DK,차량용청소기 / 무선 / 흡입력: 5000Pa / 헤파필터 / 사용시간: 20분 / 크기: 280x72mm / 무게: 780g,51640
다이슨 디지털 슬림 플러피 엑스트라,핸디/스틱청소기 / 핸디+스틱형 / 무선형 / 흡입전용 / [성능] 흡입력: 100AW / 싸이클론 / [배터리] 충전시간: 3시간30분 / 사용시간(개당): 40분 / 분리형 (1개) / [필터] 5단계여과 / [기능] 디스플레이표시창 / [구성] 슬림소프트롤러 / 미니모터 / 솔형 / 더스팅 / 틈새 / 업탑어댑터 / 도킹스테이션 / [부가] 먼지통용량: 0.3L / 무게: 1.9kg / 크기(가로x세로x깊이): 250x1100x250mm,719030
,,
아이코넬 차량용 청소기 ICL-V01,"차량용청소기 / 유무선 / 12V / 흡입력: 5,000Pa / 최대출력: 120W / 헤파필터 / 스테인리스 필터 / 추가노즐: 틈새, 솔브러쉬, 연장호스 / 사용시간: 30분 / 코드길이: 4.5m / 색상: 네이비, 블랙 / 크기: 375x84x86mm",28130
휴스톰 듀얼스핀 HS-10500,"물걸레청소기 / 스틱형 / 물걸레전용 / 회전식 / 무선형 / 배터리: 리튬이온 / 충전시간: 2시간30분 / 사용시간(개당): 30분 / [기능] LED라이트 / 각도조절 / 셀프스탠딩 / 배터리잔량표시 / 프리볼트 / [부가] 색상: 핑크, 그레이 / 무게: 3.7kg / 패드: 극세사(벨크로형) / 크기(가로x세로x깊이): 410x1020x205mm",174180
무궁화전자 바로바로 MC-B250,핸디/스틱청소기 / 핸디+스틱형 / 무선형 / [성능] 흡입력: 60W / [배터리] 충전시간: 8시간 / 사용시간(개당): 20분 / 니켈수소 / [구성] 바닥 / 틈새 / 연장툴 / 거치대 / [부가] 무게: 1.3kg / 크기(가로x세로x깊이): 144x387x136mm,40340
일렉트로룩스 에르고라피도 클래식 ZB3501EB,핸디/스틱청소기 / 핸디+스틱형 / 무선형 / 흡입전용 / [배터리] 충전시간: 4시간 / 사용시간(개당): 30분 / 내장형 / 리튬이온 / [필터] 4단계여과 / [기능] 브러쉬자동청소 / 셀프스탠딩 / LED라이트 / 배터리잔량표시 / [구성] 바닥 / 틈새 / 거치대 / [부가] 먼지통용량: 0.42L / 색상: 에보니블랙 / 무게: 2.45kg / 크기(가로x세로x깊이): 299x689x165mm,127280
삼성전자 제트 VS15R8543Q4CW,핸디/스틱청소기 / 핸디+스틱형 / 무선형 / 흡입전용 / 소비전력: 410W / [성능] 흡입력: 150W / 싸이클론 / 인버터모터 / [배터리] 충전시간: 3시간30분 / 사용시간(개당): 40분 / 분리형 (1개) / 리튬이온 / [필터] 헤파필터 / 5단계여과 / [기능] 디스플레이표시창 / 프리볼트 / [구성] 바닥 / 솔형 / 틈새 / 연장툴 / 거치대 / 청정스테이션 / [부가] 먼지통용량: 0.5L / 색상: 틸바이올렛 / 무게: 2.64kg / 크기(가로x세로x깊이): 250x1123x215mm,441800
,,
LG전자 코드제로 ThinQ A9S AT9370BA,핸디/스틱청소기 / 핸디+스틱형 / 무선형 / 흡입+걸레겸용 / 소비전력: 590W / [성능] 흡입력: 200W / 2중터보싸이클론 / 스마트인버터모터 / [배터리] 충전시간: 4시간 / 사용시간(개당): 1시간 / 분리형 (1개) / 리튬이온 / [필터] 분리형배기필터 / 헤파필터 / H13급 / 5단계여과 / [기능] 자동물공급 / 배터리잔량표시 / IoT기능 / 자동먼지비움 / [구성] 바닥 / 물걸레 / 침구 / 솔형 / 틈새 / 올인원타워 / [부가] 색상: 블랙+딥그레이 / 무게: 2.6kg / 크기(가로x세로x깊이): 250x1120x260mm,910160
일렉트로룩스 퓨어 Q9 파워프로 PQ92-3OBF,핸디/스틱청소기 / 핸디+스틱형 / 무선형 / 흡입전용 / [성능] 싸이클론 / [배터리] 충전시간: 4시간 / 사용시간(개당): 53분 / 내장형 / 리튬이온 / [필터] 5단계여과 / [기능] 셀프스탠딩 / LED라이트 / 배터리잔량표시 / [구성] 바닥 / 솔형 / 더스팅 / 틈새 / 거치대 / [부가] 먼지통용량: 0.3L / 색상: 인디고블루 / 무게: 2.89kg / 크기(가로x세로x깊이): 256x1097x155mm,303500
삼성전자 파워스틱 VS02R6512JG,핸디/스틱청소기 / 핸디+스틱형 / 무선형 / 흡입전용 / 소비전력: 120W / [성능] [배터리] 분리형 (1개) / 리튬이온 / [기능] 셀프스탠딩 / [구성] 바닥 / 틈새 / [부가] 먼지통용량: 0.25L / 색상: 뉴트럴그레이 / 무게: 2.7kg / 크기(가로x세로x깊이): 250x1130x225mm,183150
삼성전자 비스포크 제트 VS20A957D3P,핸디/스틱청소기 / 핸디+스틱형 / 무선형 / 흡입+걸레겸용 / [성능] 흡입력: 210W / 제트싸이클론 / 디지털인버터모터 / [배터리] 충전시간: 3시간30분 / 사용시간(개당): 1시간 / 분리형 (2개) / 리튬이온 / [필터] 5단계여과 / [기능] 자동물공급 / 디스플레이표시창 / 배터리잔량표시 / 자동먼지비움 / [구성] 바닥 / 물걸레 / 솔형 / 틈새 / 연장툴 / 청정스테이션 / [부가] 먼지통용량: 0.5L / 색상: 미드나잇블루 / 무게: 2.5kg / 액세서리크래들  / 크기(가로x세로x깊이): 250x930x202mm,691122
샤오미 SHUNZAO 차량용 무선청소기 2세대 Z1 (해외구매),"차량용청소기 / 무선 / 흡입력: 7,000Pa / 최대출력: 90W / 2중필터 / 추가노즐: 틈새, 솔브러쉬 / LED라이트 / 사용시간: 30분 / 충전방식: USB C타입 / 충전시간: 2시간30분 / 크기: 73x76x336mm / 무게: 700g",27960
삼성전자 비스포크 제트 VS20B956D5,핸디/스틱청소기 / 핸디+스틱형 / 무선형 / 흡입+걸레겸용 / [성능] 흡입력: 220W / 제트싸이클론 / 디지털인버터모터 / [배터리] 충전시간: 3시간30분 / 사용시간(개당): 1시간 / 분리형 (1개) / 리튬이온 / [필터] 5단계여과 / [기능] 자동물공급 / 디스플레이표시창 / LED라이트 / 배터리잔량표시 / IoT기능 / 자동먼지비움 / [구성] 바닥 / 물걸레 / 솔형 / 틈새 / 연장툴 / 청정스테이션 / [부가] 먼지통용량: 0.5L / 색상: 모닝블루 / 크기(가로x세로x깊이): 250x930x202mm,886060
보랄 BDC-E998RV,핸디/스틱청소기 / 핸디+스틱형 / 무선형 / 흡입전용 / [배터리] 충전시간: 5시간 / 사용시간(개당): 38분 / [구성] 바닥 / 솔형 / 틈새 / 거치대 / [부가]  크기(가로x세로x깊이): 227x1007x110mm,590000
로엘 듀스핀3 PRO,물걸레청소기 / 스틱형 / 물걸레전용 / 회전식 / 무선형 / 충전시간: 4시간 / 사용시간(개당): 3시간 / [기능] 물분사 / 각도조절 / 셀프스탠딩 / [부가] 먼지통용량: 0.24L / 색상: 화이트 / 무게: 1.99kg / 자동세척탈수 / 크기(가로x세로x깊이): 360x1160x170mm,177850
삼성전자 비스포크 제트 VS20B956AX,핸디/스틱청소기 / 핸디+스틱형 / 무선형 / 흡입+걸레겸용 / [성능] 흡입력: 220W / 제트싸이클론 / 디지털인버터모터 / [배터리] 충전시간: 3시간30분 / 사용시간(개당): 1시간 / 분리형 (1개) / 리튬이온 / [필터] 5단계여과 / [기능] 자동물공급 / 디스플레이표시창 / LED라이트 / 배터리잔량표시 / IoT기능 / 자동먼지비움 / [구성] 바닥 / 솔형 / 틈새 / 연장툴 / 청정스테이션 / [부가] 먼지통용량: 0.5L / 색상: 산토리니베이지 / 크기(가로x세로x깊이): 250x930x202mm,919000
레이캅 펫+ RS4-100KRWH,"침구청소기 / 핸디형 / 무선형 / 충전시간: 3시간30분 / 사용시간(개당): 28분 / [기능] 청소모드: UV살균, 흡입 / 진동수: 98,400회(분당) / 인체공학적디자인 / 싸이클론 / BLDC모터 / 흡입력: 15000Pa / 헤파필터 / 4단계여과 / [부가] 먼지통용량: 0.16L / 색상: 화이트 / 무게: 1.42kg / 크기(가로x세로x깊이): 612.6x141.7x250mm",149000
LG전자 오브제컬렉션 코드제로 ThinQ A9S AO9471WKT,핸디/스틱청소기 / 핸디+스틱형 / 무선형 / 흡입+걸레겸용 / 소비전력: 590W / [성능] 흡입력: 210W / 2중터보싸이클론 / 스마트인버터모터 / [배터리] 충전시간: 4시간 / 사용시간(개당): 1시간 / 분리형 (2개) / 리튬이온 / [필터] 분리형배기필터 / 헤파필터 / H13급 / 5단계여과 / [기능] 자동물공급 / 배터리잔량표시 / IoT기능 / 자동먼지비움 / [구성] 바닥 / 물걸레 / 솔형 / 틈새 / 올인원타워 / [부가] 색상: 카밍베이지 / 무게: 2.6kg / 크기(가로x세로x깊이): 250x1120x260mm,985390
삼성전자 제트 VS20T9210BFT,핸디/스틱청소기 / 핸디+스틱형 / 무선형 / 흡입+걸레겸용 / 소비전력: 550W / [성능] 흡입력: 200W / 싸이클론 / 인버터모터 / [배터리] 충전시간: 3시간30분 / 사용시간(개당): 1시간 / 분리형 (1개) / 리튬이온 / [필터] 헤파필터 / 5단계여과 / [기능] 디스플레이표시창 / 프리볼트 / [구성] 바닥 / 솔형 / 틈새 / 거치대 / 청정스테이션 / [부가] 먼지통용량: 0.6L / 색상: 코타블랙 / 무게: 2.64kg / 크기(가로x세로x깊이): 250x1136x215mm,438830
샤오미 드리미 V12,핸디/스틱청소기 / 핸디+스틱형 / 무선형 / 흡입+걸레겸용 / 소비전력: 550W / [성능] 흡입력: 185AW / 흡입력: 27000Pa / 싸이클론 / [배터리] 충전시간: 4시간 / 사용시간(개당): 1시간30분 / 내장형 / [필터] 5단계여과 / [기능] 디스플레이표시창 / LED라이트 / 배터리잔량표시 / [구성] 바닥 / 물걸레 / 침구 / 솔형 / 틈새 / 연장툴 / 거치대 / [부가] 먼지통용량: 0.5L / 물통용량: 0.25L / 색상: 블랙 / 무게: 1.65kg / 크기(가로x세로): 200x1226mm,345440
DIBEA M24 MAX,핸디/스틱청소기 / 핸디+스틱형 / 무선형 / 흡입+걸레겸용 / 소비전력: 400W / [성능] 흡입력: 25000Pa / 싸이클론 / BLDC모터 / [배터리] 충전시간: 3시간 / 사용시간(개당): 50분 / 분리형 (1개) / [필터] 헤파필터 / H13급 / [기능] LED라이트 / 배터리잔량표시 / [구성] 바닥 / 물걸레 / 침구 / 솔형 / 틈새 / 거치대 / [부가] 먼지통용량: 0.5L / 물통용량: 0.26L / 색상: 옐로우 / 무게: 2.5kg / 크기(가로x세로x깊이): 256x1172x217mm,168400
삼성전자 비스포크 제트 VS20A956A3P,핸디/스틱청소기 / 핸디+스틱형 / 무선형 / 흡입+걸레겸용 / [성능] 흡입력: 210W / 제트싸이클론 / 디지털인버터모터 / [배터리] 충전시간: 3시간30분 / 사용시간(개당): 1시간 / 분리형 (1개) / 리튬이온 / [필터] 5단계여과 / [기능] 자동물공급 / 디스플레이표시창 / 배터리잔량표시 / 자동먼지비움 / [구성] 바닥 / 솔형 / 틈새 / 연장툴 / 청정스테이션 / [부가] 먼지통용량: 0.5L / 물통용량: 0.15L / 색상: 미드나잇블루 / 무게: 2.5kg / 액세서리크래들  / 크기(가로x세로x깊이): 250x930x202mm,530630
신일전자 SVC-SHS500,핸디/스틱청소기 / 핸디형 / 무선형 / [성능] 흡입력: 60W / 싸이클론 / [배터리] 충전시간: 8시간 / 사용시간(개당): 9분 / [구성] 틈새 / [부가] 색상: 블랙+레드 / 크기(가로x세로x깊이): 400x200x138mm,37520
티케이케이 로아스 AKS-5000,"물걸레청소기 / 스틱형 / 물걸레+스팀 / 회전식 / 무선형 / 배터리: 분리형 / 리튬이온 / 사용시간(개당): 15분 / [기능] 물분사 / LED라이트 / 각도조절 / [부가] 물통용량: 0.33L / 색상: 밀키화이트, 매트블랙 / 무게: 5.34kg / 예열시간: 180초 / 패드: 극세사(벨크로형) / 크기(가로x세로x깊이): 344x1150x350mm",224150
삼성전자 에어본 VC-H71,핸디/스틱청소기 / 핸디+스틱형 / 무선형 / 소비전력: 48W / [배터리] 충전시간: 8시간 / 사용시간(개당): 12분 / 니켈수소 / [기능] 셀프스탠딩 / [부가] 색상: 에어본+내츄럴그레이 / 무게: 1kg / 크기(가로x세로x깊이): 342x265x119mm,59600
다이슨 V11 컴플리트,핸디/스틱청소기 / 핸디+스틱형 / 무선형 / 흡입전용 / 소비전력: 545W / [성능] 흡입력: 185AW / 싸이클론 / [배터리] 충전시간: 4시간30분 / 사용시간(개당): 1시간 / 분리형 (1개) / 헤파필터 / [기능] 디스플레이표시창 / [구성] 하이토크 / 소프트롤러 / 미니모터 / 솔형 / 더스팅 / 스터번더트 / 틈새 / 매트리스 / 거치대 / 도킹스테이션 / [부가] 먼지통용량: 0.54L / 색상: 니켈블루 / 무게: 2.95kg / 크기(가로x세로x깊이): 250x1280x261mm,978990
일렉트로룩스 퓨어 Q9 파워프로 PQ92-3BWF,핸디/스틱청소기 / 핸디+스틱형 / 무선형 / 흡입전용 / [성능] 싸이클론 / [배터리] 충전시간: 4시간 / 사용시간(개당): 53분 / 내장형 / 리튬이온 / [필터] 5단계여과 / [기능] 셀프스탠딩 / LED라이트 / [구성] 바닥 / 침구 / 솔형 / 더스팅 / 틈새 / 긴틈새 / 거치대 / [부가] 먼지통용량: 0.3L / 색상: 사틴화이트 / 무게: 2.89kg / 크기(가로x세로x깊이): 256x1097x155mm,369030
리하스 차량용 미니 무선 청소기 TEB-4120,"차량용청소기 / 무선 / 흡입력: 15,000Pa / 최대출력: 120W / 헤파필터 / 스테인리스 필터 / 추가노즐: 틈새, 솔브러쉬, 연장호스 / 사용시간: 15~28분 / 충전시간: 4~5시간 / 색상: 블랙, 스카이블루, 화이트 / 크기: 415mm / 무게: 520g",89000
미엘르 AKBC-6000W,"욕실청소기 / 핸디+스틱형 / 무선형 / 소비전력: 30W / [배터리] 충전시간: 4시간 / 사용시간(개당): 2시간 / [부가] 무게: 1.1kg / 브러쉬: 기본솔, 돔솔, 코너형솔, 화장실변기용 / 크기(가로x세로x깊이): 70x1100x70mm",47780
유행코리아 더쎈 유무선 청소기,"차량용청소기 / 유무선 / 12V / 흡입력: 4,800Pa / 최대출력: 120W / 추가노즐: 틈새, 솔브러쉬, 연장호스 / 사용시간: 25분 / 충전방식: 시거잭, 220V / 충전시간: 3~4시간 / 크기: 260x200x80mm / 무게: 880g",66490
로보락 다이애드,"물걸레청소기 / 스틱형 / 물걸레+진공 / 롤러식 / 무선형 / 사용시간(개당): 35분 / [기능] 각도조절 / 거치대 / 걸레자동세척 / [부가] 물통용량: 0.85L, 오수통 0.62L / 무게: 5.2kg / 음성알림 / 크기(가로x세로x깊이): 270x1112x191mm",499000
유행코리아 더쎈 차량용 무선 청소기 V2,"차량용청소기 / 무선 / 흡입력: 6500Pa / 추가노즐: 솔브러쉬, 연장호스 / 사용시간: 30분 / 무게 : 1,040g",78530
앱코 오엘라 네오스핀 OBC-AW09WH,"욕실청소기 / 스틱형 / 무선형 / 소비전력: 8W / [배터리] 충전시간: 4~5시간 / 사용시간(개당): 50분 / 리튬이온 / [부가] 무게: 0.86kg / 생활방수 / 브러쉬: 원형, 평면, 틈새",44240
오토모 ATM-H100,"핸디/스틱청소기 / 핸디형 / 무선형 / 흡입전용 / 소비전력: 70W / [배터리] 리튬이온 / [필터] 2단계여과 / [구성] 솔형 / [부가] 먼지통용량: 0.12L / 색상: 화이트, 블랙 / 무게: 0.6kg",30580
블랙파인 JYW-BP01,핸디/스틱청소기 / 핸디+스틱형 / 무선형 / 흡입전용 / 소비전력: 150W / [성능] 흡입력: 11000Pa / 싸이클론 / [배터리] 충전시간: 5시간 / 사용시간(개당): 30분 / 리튬이온 / [필터] 헤파필터 / H13급 / 3단계여과 / [기능] 셀프스탠딩 / LED라이트 / 배터리잔량표시 / 프리볼트 / [구성] 바닥 / 솔형 / 틈새 / 연장툴 / [부가] 먼지통용량: 1L / 색상: 블루 / 무게: 2kg / 크기(가로x세로x깊이): 232x1172x193mm,503200
키친아트 렉스 차량용 진공청소기 PK901,"차량용청소기 / 무선 / 12V / 흡입력: 5,000Pa / 최대출력: 120W / 헤파필터 / 추가노즐: 틈새, 솔브러쉬, 연장호스 / 코드길이: 5m / 크기: 400x115x110mm",19900
nGjQY15Q9J,nGjQY15Q9J251156,251156
유행코리아 더쎈 차량용 유무선 청소기 헤파필터,차량용청소기 / 필터 / 헤파필터,3860
,,
다이슨 V15 디텍트 앱솔루트 엑스트라,핸디/스틱청소기 / 핸디+스틱형 / 무선형 / 흡입전용 / [성능] 흡입력: 240AW / 루트싸이클론 / [배터리] 충전시간: 4시간30분 / 사용시간(개당): 1시간 / 분리형 (1개) / [필터] 헤파필터 / [기능] 먼지감지센서 / 디스플레이표시창 / [구성] 레이저슬림플러피 / 하이토크 / 헤어스크류 / 솔형 / 더스팅 / 스터번더트 / 틈새 / 업탑어댑터 / 거치대 / 도킹스테이션 / [부가] 먼지통용량: 0.54L / 색상: 옐로우/아이언/니켈 / 무게: 3kg / 크기(가로x세로x깊이): 250x1086x250mm,1288780
베커 BK8850S,핸디/스틱청소기 / 핸디+스틱형 / 무선형 / 흡입전용 / 소비전력: 200W / [성능] 흡입력: 20000Pa / 싸이클론 / BLDC모터 / [배터리] 충전시간: 4시간30분 / 사용시간(개당): 32분 / [필터] 헤파필터 / H13급 / 4단계여과 / [구성] 바닥 / 솔형 / [부가] 먼지통용량: 0.8L / 무게: 1.4kg,1300000
삼성전자 제트 VS20T9278S7CS,핸디/스틱청소기 / 핸디+스틱형 / 무선형 / 흡입+걸레겸용 / 소비전력: 550W / [성능] 흡입력: 200W / 싸이클론 / 인버터모터 / [배터리] 충전시간: 3시간30분 / 사용시간(개당): 1시간 / 분리형 (2개) / 리튬이온 / [필터] 헤파필터 / 5단계여과 / [기능] 디스플레이표시창 / 프리볼트 / [구성] 바닥 / 물걸레 / 침구 / 솔형 / 틈새 / 연장툴 / 거치대 / 청정스테이션 / [부가] 먼지통용량: 0.5L / 색상: 티탄골드 / 크기(가로x세로x깊이): 250x1136x215mm,651200
웍스 휴대용 차량용 충전 청소기 본체 WX030.9,"차량용청소기 / 무선 / 흡입력: 10,000Pa / 최대출력: 180W / 3중필터 / 추가노즐: 틈새, 솔브러쉬 / 베어툴사양 / 2단 속도 조절 / 플렉시블 튜브 / 크기: 150x182x218mm / 무게: 1,400g",56000
카렉스 파워스톰 미니 무선청소기,"차량용청소기 / 무선 / 흡입력: 12,000Pa / 2중필터 / 헤파필터 / 추가노즐: 틈새, 솔브러쉬 / 사용시간: 17분 / 충전방식: 시거잭, 220V / BLCD모터 / 충전시간: 5시간30분 / 크기: 93x439mm / 무게: 505g",67990
,,
블랙앤데커 PV1820BK,핸디/스틱청소기 / 핸디형 / 무선형 / [성능] 흡입력: 35AW / 싸이클론 / [배터리] 충전시간: 4시간 / 사용시간(개당): 12분 / 리튬이온 / [필터] 3단계여과 / [기능] 배터리잔량표시 / 프리볼트 / [구성] 틈새 / 거치대 / [부가] 색상: 블랙 / 무게: 1.38kg / 피벗노즐 / 크기(가로x세로x깊이): 140x270x170mm,80740
캐치웰 THC-1000,"핸디/스틱청소기 / 핸디형 / 무선형 / 흡입전용 / 소비전력: 75W / [성능] 흡입력: 8000Pa / 싸이클론 / [배터리] 충전시간: 4시간 / 사용시간(개당): 28분 / [필터] 헤파필터 / [기능] 프리볼트 / [구성] 솔형 / 틈새 / 연장툴 / 거치대 / [부가] 먼지통용량: 0.15L / 색상: 아이언그레이, 엣지블랙, 스톤화이트 / 무게: 0.58kg",39900
샤오미 LYDSTO 핸디형 에어펌프 진공청소기 (해외구매),"차량용청소기 / 무선 / 흡입력: 10,000Pa / 스테인리스 필터 / LED라이트 / 사용시간: 15~30분 / 충전방식: USB C타입 / 배터리용량: 2,500mAH / 크기: 315x55mm / 무게: 500g / 압력설정 / 최대압력: 150psi / 에어배출량(분당): 10L",45270
일렉트로룩스 에르고라피도 ZB3311,핸디/스틱청소기 / 핸디+스틱형 / 무선형 / 흡입전용 / [성능] 싸이클론 / [배터리] 충전시간: 4시간 / 사용시간(개당): 48분 / 내장형 / 리튬이온 / [필터] 4단계여과 / [기능] 브러쉬자동청소 / 셀프스탠딩 / LED라이트 / 배터리잔량표시 / [구성] 바닥 / 틈새 / 거치대 / [부가] 먼지통용량: 0.42L / 색상: 타이탄블루 / 무게: 3.01kg / 크기(가로x세로x깊이): 303x690x162mm,161560
삼성전자 비스포크 제트 VS20B957D5,핸디/스틱청소기 / 핸디+스틱형 / 무선형 / 흡입+걸레겸용 / [성능] 흡입력: 220W / 제트싸이클론 / 디지털인버터모터 / [배터리] 충전시간: 3시간30분 / 사용시간(개당): 1시간 / 분리형 (2개) / 리튬이온 / [필터] 5단계여과 / [기능] 자동물공급 / 디스플레이표시창 / LED라이트 / 배터리잔량표시 / IoT기능 / 자동먼지비움 / [구성] 바닥 / 물걸레 / 솔형 / 틈새 / 연장툴 / 청정스테이션 / [부가] 먼지통용량: 0.5L / 색상: 산토리니베이지 / 크기(가로x세로x깊이): 250x930x202mm,1232000
,,
델로라 V11 파워 300W,"핸디/스틱청소기 / 핸디+스틱형 / 무선형 / 흡입전용 / 소비전력: 300W / [성능] 흡입력: 22000Pa / 싸이클론 / BLDC모터 / [배터리] 충전시간: 5시간 / 사용시간(개당): 1시간10분 / 분리형 (1개) / 리튬이온 / [필터] 헤파필터 / 4단계여과 / [기능] LED라이트 / [구성] 바닥 / 침구 / 솔형 / 틈새 / 연장툴 / 거치대 / [부가] 먼지통용량: 0.6L / 색상: 레드, 블랙 / 무게: 3.89kg / 크기(가로x세로x깊이): 239x1255x105mm",104890
LG전자 코드제로 A9 A9100S,핸디/스틱청소기 / 핸디+스틱형 / 무선형 / 흡입+걸레겸용 / 소비전력: 450W / [성능] 흡입력: 140W / 2중터보싸이클론 / 인버터모터 / [배터리] 충전시간: 3시간30분 / 사용시간(개당): 40분 / 분리형 (1개) / 리튬이온 / [필터] 헤파필터 / H13급 / 5단계여과 / [기능] 배터리잔량표시 / [구성] 바닥 / 솔형 / 틈새 / 거치대 / [부가] 색상: 판타지실버 / 크기(가로x세로x깊이): 250x1120x260mm,526000
삼성전자 에어본 VC-PS86,핸디/스틱청소기 / 핸디+스틱형 / 무선형 / 소비전력: 72W / [배터리] 충전시간: 5시간 / 사용시간(개당): 15분 / 니켈수소 / [기능] 배터리잔량표시 / [부가] 색상: 에어본+내츄럴그레이 / 무게: 1.2kg / 크기(가로x세로x깊이): 119x121x410mm,87280
삼성전자 제트 VS20T9210BF,핸디/스틱청소기 / 핸디+스틱형 / 무선형 / 흡입+걸레겸용 / 소비전력: 550W / [성능] 흡입력: 200W / 싸이클론 / 인버터모터 / [배터리] 충전시간: 3시간30분 / 사용시간(개당): 1시간 / 분리형 (1개) / 리튬이온 / [필터] 헤파필터 / 5단계여과 / [기능] 디스플레이표시창 / 프리볼트 / [구성] 바닥 / 솔형 / 틈새 / 거치대 / 청정스테이션 / [부가] 먼지통용량: 0.6L / 색상: 코타블랙 / 무게: 2.64kg / 크기(가로x세로x깊이): 250x1136x215mm,448300
일렉트로룩스 WELL Q6 WQ61-1EDB,핸디/스틱청소기 / 핸디+스틱형 / 무선형 / 흡입전용 / [성능] 싸이클론 / [배터리] 충전시간: 4시간30분 / 사용시간(개당): 45분 / 내장형 / 리튬이온 / [필터] 5단계여과 / [기능] 브러쉬자동청소 / 셀프스탠딩 / LED라이트 / 배터리잔량표시 / [구성] 바닥 / 솔형 / 더스팅 / 긴틈새 / 거치대 / [부가] 먼지통용량: 0.3L / 색상: 데님블루 / 무게: 2.65kg / 크기(가로x세로x깊이): 258x1105x140mm,146840
지웰 벤투스 아쿠아 프로,물걸레청소기 / 스틱형 / 물걸레+진공 / 롤러식 / 무선형 / 배터리: 리튬이온 / 충전시간: 3~4시간 / 사용시간(개당): 30분 / 소비전력: 120W / [기능] 물분사 / 셀프스탠딩 / 거치대 / [부가] 무게: 3kg / 오토클리닝,299000
삼성전자 비스포크 슬림 VS15A680DFW,핸디/스틱청소기 / 스틱형 / 무선형 / 흡입+걸레겸용 / 소비전력: 450W / [성능] 흡입력: 150W / 싸이클론 / 디지털인버터모터 / [배터리] 충전시간: 4시간 / 사용시간(개당): 50분 / 내장형 / 리튬이온 / [필터] 5단계여과 / [기능] 자동물공급 / 셀프스탠딩 / LED라이트 / [구성] 바닥 / 물걸레 / 틈새 / [부가] 먼지통용량: 0.3L / 색상: 미스티화이트 / 무게: 2.6kg / 크기(가로x세로x깊이): 250x1143x194mm,420170
혼스 차량 무선 진공 청소기 HSCC-8000,"차량용청소기 / 무선 / 흡입력: 8,000Pa / 최대출력: 150W / 헤파필터 / 추가노즐: 틈새, 솔브러쉬 / 색상 : 핑크, 브라운, 그레이, 화이트 / 크기: 191x111x65mm / 무게: 650g",28990
벤딕트 차량용 핸디 무선 청소기 VDT-031,"차량용청소기 / 무선 / 흡입력: 6,000~15,000Pa / 최대출력: 120W / 헤파필터 / 스테인리스 필터 / 추가노즐: 틈새, 솔브러쉬 / 사용시간: 18~50분 / 충전방식: USB C타입 / 배터리용량: 7,500mAh / 크기: 294x55x55mm / 무게: 500g",85000
LG전자 오브제컬렉션 코드제로 ThinQ A9S AS9201WB,핸디/스틱청소기 / 핸디+스틱형 / 무선형 / 흡입+걸레겸용 / [성능] 흡입력: 210W / 2중터보싸이클론 / 인버터모터 / [배터리] 충전시간: 4시간 / 사용시간(개당): 1시간 / 분리형 (1개) / 리튬이온 / [필터] 타공형/분리형배기필터 / 헤파필터 / H13급 / 5단계여과 / [기능] 자동물공급 / 디스플레이표시창 / 배터리잔량표시 / IoT기능 / [구성] 바닥 / 솔형 / 틈새 / 거치대 / [부가] 색상: 카밍베이지 / 크기(가로x세로x깊이): 250x1120x260mm,646930
삼성전자 비스포크 제트 VS20B957E5,핸디/스틱청소기 / 핸디+스틱형 / 무선형 / 흡입+걸레겸용 / [성능] 흡입력: 220W / 제트싸이클론 / 디지털인버터모터 / [배터리] 충전시간: 3시간30분 / 사용시간(개당): 1시간 / 분리형 (1개) / 리튬이온 / [필터] 5단계여과 / [기능] 자동물공급 / 디스플레이표시창 / LED라이트 / 배터리잔량표시 / IoT기능 / 자동먼지비움 / [구성] 바닥 / 물걸레 / 침구 / 솔형 / 틈새 / 연장툴 / 청정스테이션 / [부가] 먼지통용량: 0.5L / 색상: 페블그레이 / 크기(가로x세로x깊이): 250x930x202mm,1448950
삼성전자 에어본 화이트 VC-H22,핸디/스틱청소기 / 핸디형 / 무선형 / 소비전력: 48W / [배터리] 충전시간: 8시간 / 사용시간(개당): 10분 / 니켈수소 / [부가] 무게: 0.76kg / 크기(가로x세로x깊이): 103x317x174mm,39000
청연MnS naVee 무선 에어건 NV99-ADT3,"차량용청소기 / 무선 / 최대출력: 50W / 추가노즐: 틈새, 솔브러쉬 / LED라이트 / 사용시간: 20분 / 충전시간: 3시간 / 충전방식: USB C타입 / 배터리용량: 2,400mAh / 크기: 190x127x60mm / 무게: 326g",39680
발뮤다 더 클리너 C01B,"핸디/스틱청소기 / 핸디+스틱형 / 무선형 / 흡입전용 / [성능] 싸이클론 / [배터리] 충전시간: 6시간 / 사용시간(개당): 30분 / 리튬이온 / [기능] 프리볼트 / [구성] 바닥 / 틈새 / 거치대 / [부가] 먼지통용량: 0.13L / 색상: 화이트, 블랙 / 무게: 3.1kg / 크기(가로x세로x깊이): 300x1240x165mm",384000
LG전자 오브제컬렉션 코드제로 ThinQ A9S AT9201WC,핸디/스틱청소기 / 핸디+스틱형 / 무선형 / 흡입+걸레겸용 / 소비전력: 590W / [성능] 흡입력: 210W / 2중터보싸이클론 / 스마트인버터모터 / [배터리] 충전시간: 4시간 / 사용시간(개당): 1시간 / 분리형 (1개) / 리튬이온 / [필터] 분리형배기필터 / 헤파필터 / H13급 / 5단계여과 / [기능] 자동물공급 / 배터리잔량표시 / IoT기능 / 자동먼지비움 / [구성] 바닥 / 솔형 / 틈새 / 올인원타워 / [부가] 색상: 카밍베이지 / 무게: 2.6kg / 크기(가로x세로x깊이): 250x1120x260mm,820250
샤오미 드리미 H11,물걸레청소기 / 스틱형 / 물걸레+진공 / 롤러식 / 무선형 / 배터리: 리튬이온 / 충전시간: 3시간 / 사용시간(개당): 30분 / DC모터 / 소비전력: 170W / [기능] 배터리잔량표시 / 걸레자동세척 / [부가] 물통용량: 0.9L / 색상: 화이트 / 무게: 4.65kg,439120
휴스톰 듀얼스핀 HS-10000,물걸레청소기 / 스틱형 / 회전식 / 무선형 / 배터리: 리튬이온 / 충전시간: 2시간30분 / 사용시간(개당): 30분 / [기능] LED라이트 / 가구손상방지 / 각도조절 / 셀프스탠딩 / 배터리잔량표시 / 프리볼트 / [부가] 색상: 블랙 / 무게: 3.7kg / 모터과열방지 / 과충전방지 / 오토스토핑 / 패드: 극세사(벨크로형) / 크기(가로x세로x깊이): 410x1180x205mm,148490
씽크웨이 ThinkAir 세상깨끗한 TA-MV7,물걸레청소기 / 스틱형 / 물걸레전용 / 회전식 / 무선형 / 충전시간: 4시간 / 사용시간(개당): 1시간20분 / [기능] 물분사 / LED라이트 / 각도조절 / 셀프스탠딩 / [부가] 물통용량: 0.15L / 무게: 1.6kg / 크기(가로x세로x깊이): 295x1120x135mm,79000
신일전자 롤링스턴 SDC-CO3074WK,물걸레청소기 / 스틱+핸디형 / 물걸레전용 / 회전식 / 무선형 / 충전시간: 4~6시간 / 사용시간(개당): 35분 / [기능] 물분사 / LED라이트 / 각도조절 / 셀프스탠딩 / 배터리잔량표시 / [부가] 물통용량: 0.2L / 패드: 극세사(벨크로형) / 크기(가로x세로): 320x1630mm,59460
샤오미 드리미 V9,핸디/스틱청소기 / 핸디+스틱형 / 무선형 / 흡입전용 / 소비전력: 400W / [성능] 흡입력: 120AW / 흡입력: 20000Pa / 멀티싸이클론 / BLDC모터 / [배터리] 충전시간: 3시간30분 / 사용시간(개당): 60분 / [필터] 헤파필터 / 5단계여과 / [구성] 바닥 / 침구 / 솔형 / 틈새 / 연장툴 / 거치대 / [부가] 먼지통용량: 0.5L / 색상: 화이트 / 무게: 1.5kg,124070
쿠쿠전자 인스퓨어 파워클론 CVC-A1410UG,핸디/스틱청소기 / 핸디+스틱형 / 무선형 / 흡입전용 / 소비전력: 420W / [성능] 흡입력: 140AW / 흡입력: 23000Pa / 싸이클론 / BLDC모터 / [배터리] 사용시간(개당): 35분 / 분리형 (1개) / 리튬이온 / [필터] 헤파필터 / H13급 / 5단계여과 / [기능] 먼지감지센서 / 배터리잔량표시 / [구성] 바닥 / 침구 / 솔형 / 틈새 / 연장툴 / 거치대 / [부가] 색상: 어반그레이 / 무게: 1.82kg / 크기(가로x세로x깊이): 250x1200x230mm,311310
삼성전자 비스포크 제트 VS20A957E3P,핸디/스틱청소기 / 핸디+스틱형 / 무선형 / 흡입+걸레겸용 / [성능] 흡입력: 210W / 제트싸이클론 / 디지털인버터모터 / [배터리] 충전시간: 3시간30분 / 사용시간(개당): 1시간 / 분리형 (2개) / 리튬이온 / [필터] 5단계여과 / [기능] 자동물공급 / 디스플레이표시창 / 배터리잔량표시 / 자동먼지비움 / [구성] 바닥 / 물걸레 / 침구 / 솔형 / 틈새 / 연장툴 / 청정스테이션 / [부가] 먼지통용량: 0.5L / 색상: 미드나잇블루 / 무게: 2.5kg / 액세서리크래들  / 크기(가로x세로x깊이): 250x930x202mm,741330
샤오미 G10,핸디/스틱청소기 / 핸디+스틱형 / 무선형 / 흡입+걸레겸용 / 소비전력: 450W / [성능] 흡입력: 150AW / 흡입력: 25000Pa / 싸이클론 / BLDC모터 / [배터리] 충전시간: 4시간 / 사용시간(개당): 1시간5분 / 분리형 (1개) / [필터] 헤파필터 / 5단계여과 / [기능] 먼지감지센서 / 배터리잔량표시 / 프리볼트 / [구성] 바닥 / 물걸레 / 침구 / 솔형 / 틈새 / 연장툴 / 거치대 / [부가] 먼지통용량: 0.6L / 물통용량: 0.25L / 색상: 화이트 / 무게: 4kg / 크기(가로x세로x깊이): 256x1286x214mm,236080
다이슨 옴니 글라이드 컴플리트,핸디/스틱청소기 / 핸디+스틱형 / 무선형 / 흡입전용 / [성능] 흡입력: 50AW / 싸이클론 / [배터리] 충전시간: 3시간30분 / 사용시간(개당): 20분 / 분리형 (1개) / 리튬이온 / [필터] 헤파필터 / 5단계여과 / [구성] 전방향플러피 / 미니모터 / 솔형 / 틈새 / 서페이스 / 연장툴 / 거치대 / 도킹스테이션 / [부가] 먼지통용량: 0.2L / 색상: 퍼플 / 무게: 1.9kg / 버튼식 / 크기(가로x세로x깊이): 208x1077x92mm,494000
위드앤올 2in1 휴대용 무선 에어건 핸디 청소기 WNA-AG8,"차량용청소기 / 무선 / 흡입력: 8,000Pa / 최대출력: 75W / 추가노즐: 틈새, 솔브러쉬 / 사용시간: 40분 / 충전시간: 3시간 / 배터리용량: 6,000mAh / 크기: 223.5x84x65mm / 무게: 378g",76870
블랙앤데커 HLVC320B,핸디/스틱청소기 / 핸디형 / 무선형 / 흡입전용 / [성능] 흡입력: 30AW / [배터리] 충전시간: 5시간 / 사용시간(개당): 13분 / 리튬이온 / [구성] 바닥 / 솔형 / 틈새 / 거치대 / [부가] 먼지통용량: 0.12L / 색상: 블랙 / 무게: 0.71kg / 크기(가로x세로): 75x440mm,69800
QqkmZgjdiZ,QqkmZgjdiZ653894,653894
일렉트로룩스 WELL Q8 WQ81-3PSGF,핸디/스틱청소기 / 핸디+스틱형 / 무선형 / 흡입전용 / [성능] 싸이클론 / [배터리] 충전시간: 4시간30분 / 사용시간(개당): 53분 / 내장형 / 리튬이온 / [필터] 알러지필터 / E10급 / 5단계여과 / [기능] 셀프스탠딩 / LED라이트 / [구성] 바닥 / 펫 / 솔형 / 긴틈새 / [부가] 먼지통용량: 0.3L / 색상: 쉘그레이 / 무게: 2.8kg / 크기(가로x세로x깊이): 258x1105x140mm,209990
일렉트로룩스 WELL Q7 WQ71-2OIB,핸디/스틱청소기 / 핸디+스틱형 / 무선형 / 흡입전용 / [성능] 싸이클론 / [배터리] 충전시간: 4시간30분 / 사용시간(개당): 50분 / 내장형 / 리튬이온 / [필터] 5단계여과 / [기능] 브러쉬자동청소 / 셀프스탠딩 / LED라이트 / 배터리잔량표시 / [구성] 바닥 / 솔형 / 더스팅 / 틈새 / 거치대 / [부가] 먼지통용량: 0.3L / 색상: 인디고블루 / 무게: 2.8kg / 크기(가로x세로x깊이): 386x692x140mm,181700
신일전자 SDC-B5000W,물걸레청소기 / 스틱형 / 회전식 / 무선형 / 배터리: 리튬이온 / 충전시간: 3시간 / 사용시간(개당): 40분 / [기능] 물분사 / 각도조절 / 셀프스탠딩 / [부가] 색상: 블루 / 무게: 3.9 / 패드: 극세사(벨크로형) / 크기(가로x세로x깊이): 420x1150x190mm,103240
다이슨 디지털 슬림 플러피 오리진,핸디/스틱청소기 / 핸디+스틱형 / 무선형 / 흡입전용 / [성능] 흡입력: 100AW / 싸이클론 / [배터리] 충전시간: 3시간30분 / 사용시간(개당): 40분 / 분리형 (1개) / [필터] 5단계여과 / [기능] 디스플레이표시창 / [구성] 슬림소프트롤러 / 미니모터 / 솔형 / 더스팅 / 틈새 / 도킹스테이션 / [부가] 먼지통용량: 0.3L / 무게: 1.9kg / 크기(가로x세로x깊이): 250x1100x250mm,654990
,,
삼성전자 제트 VS20R9078S2,핸디/스틱청소기 / 핸디+스틱형 / 무선형 / 물걸레 / 소비전력: 550W / [성능] 흡입력: 200W / 싸이클론 / 인버터모터 / [배터리] 충전시간: 3시간30분 / 사용시간(개당): 1시간 / 분리형 (2개) / 리튬이온 / [필터] 헤파필터 / 5단계여과 / [기능] 디스플레이표시창 / 프리볼트 / [구성] 바닥 / 물걸레 / 침구 / 솔형 / 틈새 / 연장툴 / 거치대 / [부가] 먼지통용량: 0.5L / 색상: 티탄+블루 / 무게: 2.7kg / 크기(가로x세로x깊이): 250x1136x215mm,555390
삼성전자 제트 VS15R8500BF,핸디/스틱청소기 / 핸디+스틱형 / 무선형 / 흡입+걸레겸용 / 소비전력: 410W / [성능] 흡입력: 150W / 싸이클론 / 인버터모터 / [배터리] 충전시간: 3시간30분 / 사용시간(개당): 40분 / 분리형 (1개) / 리튬이온 / [필터] 헤파필터 / 5단계여과 / [기능] 디스플레이표시창 / 프리볼트 / [구성] 바닥 / 솔형 / 틈새 / 거치대 / [부가] 먼지통용량: 0.5L / 색상: 틸민트 / 무게: 2.57kg / 크기(가로x세로x깊이): 250x1123x215mm,386290
일렉트로룩스 Well Q8 WQ81-3OMBF,핸디/스틱청소기 / 핸디+스틱형 / 무선형 / 흡입전용 / [성능] 싸이클론 / [배터리] 충전시간: 4시간30분 / 사용시간(개당): 53분 / 내장형 / [필터] 알러지필터 / E10급 / 5단계여과 / [기능] 셀프스탠딩 / LED라이트 / [구성] 바닥 / 솔형 / 틈새 / 거치대 / [부가] 먼지통용량: 0.3L / 색상: 마호가니브론즈 / 무게: 2.8kg / 크기(가로x세로x깊이): 258ㅌ1105ㅌ140mm,253510
엔퓨텍 퓨라이트XD,침구청소기 / 핸디형 / 무선형 / 충전시간: 2시간 / 사용시간(개당): 1시간30분 / [기능] 청소모드: UV살균 / 소비전력: 9W / [부가] 무게: 0.453kg / 크기(가로x세로x깊이): 80x530x60mm,177000
808 에임 차량용 무선 에어건,"차량용청소기 / 무선 / 최대출력: 60W / 추가노즐: 틈새, 솔브러쉬 / LED라이트 / 사용시간: 60분 / 충전시간: 4시간 / 충전방식: USB C타입 / 배터리용량: 6,000mAh / 크기: 189x79x131mm / 무게: 475g",58800
,,
테팔 엑스퍼트 3.60 TY6974,핸디/스틱청소기 / 핸디+스틱형 / 무선형 / 흡입전용 / [성능] 싸이클론 / DC모터 / [배터리] 충전시간: 5시간 / 사용시간(개당): 45분 / 분리형 (1개) / 리튬이온 / [기능] LED라이트 / 배터리잔량표시 / 프리볼트 / [구성] 바닥 / 솔형 / 틈새 / 매트리스 / 거치대 / [부가] 먼지통용량: 0.5L / 색상: 블랙+옐로우 / 무게: 2.2kg,212500
일렉트로룩스 에르고라피도 ZB3512IG,핸디/스틱청소기 / 핸디+스틱형 / 무선형 / 흡입전용 / [배터리] 충전시간: 4시간 / 사용시간(개당): 35분 / 내장형 / 리튬이온 / [필터] 4단계여과 / [기능] 셀프스탠딩 / LED라이트 / 배터리잔량표시 / [구성] 바닥 / 솔형 / 틈새 / 긴틈새 / [부가] 먼지통용량: 0.42L / 색상: 아이언그레이 / 무게: 2.5kg / 크기(가로x세로x깊이): 299x689x165mm,145080
DIBEA D18,핸디/스틱청소기 / 핸디+스틱형 / 무선형 / 소비전력: 120W / [성능] 흡입력: 9000Pa / 싸이클론 / [배터리] 충전시간: 4~5시간 / 사용시간(개당): 45분 / 분리형 (1개) / 리튬이온 / [필터] 헤파필터 / H13급 / 3단계여과 / [기능] LED라이트 / 배터리잔량표시 / 프리볼트 / [구성] 바닥 / 솔형 / 틈새 / 연장툴 / 거치대 / [부가] 먼지통용량: 0.55L / 무게: 2.2kg / 크기(가로x세로x깊이): 240x1040x210mm,85930
LG전자 코드제로 ThinQ A9S A9300,핸디/스틱청소기 / 핸디+스틱형 / 무선형 / 흡입+걸레겸용 / 소비전력: 590W / [성능] 흡입력: 200W / 2중터보싸이클론 / 인버터모터 / [배터리] 충전시간: 4시간 / 사용시간(개당): 1시간 / 분리형 (1개) / 리튬이온 / [필터] 헤파필터 / H13급 / 5단계여과 / [기능] 디스플레이표시창 / 배터리잔량표시 / IoT기능 / [구성] 바닥 / 솔형 / 굳은먼지 / 틈새 / 매트리스 / 거치대 / [부가] 색상: 아이언그레이 / 크기(가로x세로x깊이): 250x1120x260mm,747120
일렉트로룩스 퓨어 Q9 PQ91-3BW,핸디/스틱청소기 / 핸디+스틱형 / 무선형 / 흡입전용 / [성능] 싸이클론 / [배터리] 충전시간: 4시간 / 사용시간(개당): 55분 / 내장형 / 리튬이온 / [필터] 5단계여과 / [기능] 브러쉬자동청소 / 셀프스탠딩 / LED라이트 / [구성] 바닥 / 침구 / 솔형 / 더스팅 / 틈새 / 긴틈새 / 거치대 / [부가] 먼지통용량: 0.3L / 색상: 사틴화이트 / 무게: 2.75kg / 크기(가로x세로x깊이): 256x1100x130mm,235910
,,
신일전자 SVC-8858PNX,핸디/스틱청소기 / 핸디+스틱형 / 무선형 / 흡입전용 / [성능] 흡입력: 17000Pa / 싸이클론 / BLDC모터 / [배터리] 충전시간: 5시간 / 사용시간(개당): 30분 / 분리형 (1개) / 리튬이온 / [필터] 헤파필터 / H13급 / 4단계여과 / [기능] LED라이트 / 배터리잔량표시 / 프리볼트 / [구성] 바닥 / 침구 / 펫 / 솔형 / 틈새 / 거치대 / [부가] 먼지통용량: 0.5L / 색상: 화이트 / 무게: 2kg / 크기(가로x세로x깊이): 274x1150x250mm,159000
일렉트로룩스 퓨어 Q9 PQ91-2OG,핸디/스틱청소기 / 핸디+스틱형 / 무선형 / 흡입전용 / [성능] 싸이클론 / [배터리] 충전시간: 3시간30분 / 사용시간(개당): 50분 / 내장형 / 리튬이온 / [필터] 5단계여과 / [기능] 브러쉬자동청소 / 셀프스탠딩 / LED라이트 / [구성] 바닥 / 솔형 / 틈새 / 거치대 / [부가] 먼지통용량: 0.3L / 색상: 그라나이트그레이 / 무게: 2.7kg / 크기(가로x세로x깊이): 234x1056x163mm,193240
위드앤올 휴대용 무선 에어건 WNA-AG06,"차량용청소기 / 무선 / 최대출력: 60W / 추가노즐: 틈새, 솔브러쉬 / 사용시간: 60분 / 충전시간: 4시간 / 충전방식: USB C타입 / 크기: 189x79x131mm / 무게: 475g",59860
코시 차량용 무선 청소기 VC3521AT,"차량용청소기 / 무선 / 흡입력: 4,000Pa / 최대출력: 60W / 헤파필터 / 추가노즐: 틈새, 솔브러쉬 / LED라이트 / 사용시간: 20분 / 충전시간: 3시간 / 크기: 59x240mm / 무게: 503g",43420
라이트컴 COMS 휴대용 미니 청소기 NE875,차량용청소기 / 무선 / 추가노즐: 솔브러쉬 / 크기: 165x80x32mm / 무게: 125g,10750
샤오미 드리미 V11,핸디/스틱청소기 / 핸디+스틱형 / 무선형 / 흡입+걸레겸용 / 소비전력: 450W / [성능] 흡입력: 150AW / 흡입력: 25000Pa / 멀티싸이클론 / BLDC모터 / [배터리] 충전시간: 4시간 / 사용시간(개당): 1시간30분 / [필터] 5단계여과 / [기능] 디스플레이표시창 / [구성] 바닥 / 침구 / 솔형 / 틈새 / 연장툴 / 거치대 / [부가] 먼지통용량: 0.5L / 색상: 레드 / 무게: 1.6kg / 크기(가로x세로): 202x1226mm,275080
웍스 WG630E.2,"업소용청소기 / 고압세척기 / 무선형 / 소비전력: 80W / [기능] BLDC모터 / 충전시간: 1시간15분 / 사용시간(개당): 35분 / 작동압력: 25bar / [부가] 색상: 오렌지 / 무게: 2.5kg / 배터리잔량표시 / 과열방지 / 브러쉬: 회오리노즐, 하부세척커넥터, 호스",176360
베이스어스 차량용 무선 진공 청소기 A2 (해외구매),"차량용청소기 / 무선 / 흡입력: 5,000Pa / 최대출력: 70W / 헤파필터 / 추가노즐: 솔브러쉬 / 사용시간: 18분 / 색상: 그린, 블랙, 화이트 / 60ml 먼지통 / 배터리 표시등",24490
LG전자 코드제로 ThinQ A9S AT9270IA,핸디/스틱청소기 / 핸디+스틱형 / 무선형 / 흡입+걸레겸용 / 소비전력: 590W / [성능] 흡입력: 200W / 2중터보싸이클론 / 스마트인버터모터 / [배터리] 충전시간: 4시간 / 사용시간(개당): 1시간 / 분리형 (1개) / 리튬이온 / [필터] 분리형배기필터 / 헤파필터 / H13급 / 5단계여과 / [기능] 자동물공급 / 배터리잔량표시 / IoT기능 / 자동먼지비움 / [구성] 바닥 / 물걸레 / 솔형 / 틈새 / 올인원타워 / [부가] 색상: 아이언그레이+딥그레이 / 무게: 2.6kg / 크기(가로x세로x깊이): 250x1120x260mm,788880
샤오미 TROUVER POWER 12,핸디/스틱청소기 / 핸디+스틱형 / 무선형 / 흡입전용 / 소비전력: 450W / [성능] 흡입력: 150AW / 흡입력: 22000Pa / BLDC모터 / [배터리] 충전시간: 3시간30분 / 사용시간(개당): 1시간 / 분리형 (1개) / [필터] 헤파필터 / 5단계여과 / 배터리잔량표시 / [구성] 바닥 / 침구 / 솔형 / 틈새 / 연장툴 / 거치대 / [부가] 먼지통용량: 0.4L / 색상: 실버 / 무게: 1.45kg,175620
클래파 H13,핸디/스틱청소기 / 핸디+스틱형 / 무선형 / 흡입+걸레겸용 / [성능] 흡입력: 17500Pa / BLDC모터 / [배터리] 충전시간: 3시간30분 / 사용시간(개당): 30분 / 내장형 / 리튬이온 / [필터] 헤파필터 / H13급 / 4단계여과 / [구성] 바닥 / 솔형 / 틈새 / 거치대 / [부가] 무게: 1.8kg / 크기(가로x세로x깊이): 225x1130x130mm,105000
샤크 에보 파워 플러스 WV250KR2,핸디/스틱청소기 / 핸디+스틱형 / 무선형 / 흡입전용 / 소비전력: 120W / [성능] BLDC모터 / [배터리] 충전시간: 2시간30분 / 사용시간(개당): 12분 / 분리형 (1개) / 리튬이온 / [구성] 바닥 / 침구 / 솔형 / 틈새 / 연장툴 / [부가] 색상: 블랙 / 무게: 0.624kg / 크기(가로x세로x깊이): 61x419x53mm,155200
삼성전자 제트 VS20T9278S3,핸디/스틱청소기 / 핸디+스틱형 / 무선형 / 흡입+걸레겸용 / 소비전력: 550W / [성능] 흡입력: 200W / 싸이클론 / 인버터모터 / [배터리] 충전시간: 3시간30분 / 사용시간(개당): 1시간 / 분리형 (2개) / 리튬이온 / [필터] 헤파필터 / 5단계여과 / [기능] 디스플레이표시창 / 프리볼트 / [구성] 바닥 / 물걸레 / 침구 / 솔형 / 틈새 / 연장툴 / 거치대 / [부가] 먼지통용량: 0.5L / 색상: 티탄+실버 / 크기(가로x세로x깊이): 250x1136x215mm,617160
아이룸 KHAN A15,핸디/스틱청소기 / 핸디+스틱형 / 무선형 / 흡입전용 / 소비전력: 300W / [성능] 흡입력: 25000Pa / 싸이클론 / BLDC모터 / [배터리] 충전시간: 5시간 / 사용시간(개당): 50분 / 분리형 (1개) / [필터] 헤파필터 / H13급 / [기능] 셀프스탠딩 / LED라이트 / 배터리잔량표시 / [구성] 바닥 / 침구 / 솔형 / 틈새 / 연장툴 / 거치대 / [부가] 색상: 화이트 / 무게: 2.3kg / 크기(가로x세로x깊이): 240x1200x220mm,168000
한샘 트리플 플러스 2.0 QNBC-6000W,"욕실청소기 / 핸디+스틱형 / 무선형 / [배터리] 충전시간: 4시간 / 사용시간(개당): 4시간 / [부가]  브러쉬: 평면, 틈새, 스크럽",59900
벤딕트 제로더스터 무선 에어건 VDT-201,"차량용청소기 / 무선 / 최대출력: 60W / 추가노즐: 틈새, 솔브러쉬 / LED라이트 / 사용시간: 48~60분 / 충전시간: 7시간 / 충전방식: USB C타입 / 배터리용량: 15,000mAh / 크기: 189x79x131mm / 무게: 480g",61900
삼성전자 제트 VS20T9258SDCC,핸디/스틱청소기 / 핸디+스틱형 / 무선형 / 흡입+걸레겸용 / 소비전력: 550W / [성능] 흡입력: 200W / 싸이클론 / 인버터모터 / [배터리] 충전시간: 3시간30분 / 사용시간(개당): 1시간 / 분리형 (2개) / 리튬이온 / [필터] 헤파필터 / 5단계여과 / [기능] 디스플레이표시창 / 프리볼트 / [구성] 바닥 / 물걸레 / 침구 / 솔형 / 틈새 / 연장툴 / 거치대 / 청정스테이션 / [부가] 먼지통용량: 0.5L / 색상: 티탄+그레이 / 무게: 2.64kg / 크기(가로x세로x깊이): 250x1123x215mm,577810
쿠팡 홈플래닛 미니 핸디 무선청소기 CP-HVC02,"차량용청소기 / 무선 / 흡입력: 5,000Pa / 최대출력: 42W / 추가노즐: 틈새, 솔브러쉬 / LED라이트 / 사용시간: 15분 / 충전시간: 2시간 / 충전방식: USB C타입 / 배터리용량: 2,000mAh / 크기: 150x147x55mm / 무게: 300g",24690
파빗 2세대 전동청소솔 PRO FB-B270PRO,"욕실청소기 / 핸디형 / 무선형 / [배터리] 충전시간: 3시간 / 사용시간(개당): 1시간20분 / 리튬이온 / [기능] 디스플레이표시창 / [부가] 색상: 화이트 / 무게: 0.77kg / 브러쉬: 일반평자, 틈새, 넓은평자 / 크기(가로x세로x깊이): 275x85x170mm",37900
오토모 에어맥스 Amax-1000,핸디/스틱청소기 / 핸디+스틱형 / 무선형 / 흡입+걸레겸용 / 소비전력: 200W / [성능] 흡입력: 25000Pa / 싸이클론 / BLDC모터 / [배터리] 충전시간: 5시간 / 분리형 (1개) / [필터] 헤파필터 / 4단계여과 / LED라이트 / [부가] 먼지통용량: 0.6L / 크기(가로x세로x깊이): 240x1050x180mm,627280
샤오미 드리미 H11 MAX,물걸레청소기 / 스틱형 / 물걸레+진공 / 롤러식 / 무선형 / 충전시간: 3시간 / 사용시간(개당): 35분 / BLDC모터 / 흡입력: 10000Pa / 소비전력: 200W / [기능] 배터리잔량표시 / 걸레자동세척 / [부가] 물통용량: 0.9L / 색상: 다크그레이 / 무게: 4.7kg / 크기(가로x세로x깊이): 321x1105x282mm,598890
보쉬 GAS18V-1,핸디/스틱청소기 / 핸디+스틱형 / 무선형 / [성능] 싸이클론에어 / 사용시간(개당): 42분 / [필터] 2단계여과 / [구성] 바닥 / 틈새 / 연장툴 / [부가] 색상: 블랙 / 무게: 1.3kg,66420
지티플러스 크린몬스터 핸디형 무선 진공 청소기,"차량용청소기 / 무선 / 흡입력: 5,000Pa / 최대출력: 80W / 추가노즐: 틈새, 솔브러쉬 / 사용시간: 30분 / 배터리용량: 2,000mAh / 색상: 블랙, 화이트 / 크기: 245mmx70mm / 무게: 430g",27550
하트만 차량용 무선 청소기 HHVC-JQ601G,"차량용청소기 / 무선 / 흡입력: 5,800Pa / 헤파필터 / 추가노즐: 틈새, 솔브러쉬, 연장호스 / LED라이트 / 사용시간: 15분 / 충전방식: USB C타입 / 배터리: 2,000mAh / 크기: 70mmx320mm / 무게: 576g",39780
삼성전자 비스포크 슬림 VS15A680AEG,핸디/스틱청소기 / 스틱형 / 무선형 / 흡입+걸레겸용 / 소비전력: 450W / [성능] 흡입력: 150W / 싸이클론 / 디지털인버터모터 / [배터리] 충전시간: 4시간 / 사용시간(개당): 50분 / 내장형 / 리튬이온 / [필터] 5단계여과 / [기능] 셀프스탠딩 / LED라이트 / [구성] 바닥 / 틈새 / [부가] 먼지통용량: 0.3L / 색상: 페블그레이 / 무게: 2.6kg / 크기(가로x세로x깊이): 250x1143x194mm,344420
LG전자 오브제컬렉션 코드제로 ThinQ A9S AS9401WC,핸디/스틱청소기 / 핸디+스틱형 / 무선형 / 흡입+걸레겸용 / [성능] 흡입력: 210W / 2중터보싸이클론 / 인버터모터 / [배터리] 충전시간: 4시간 / 사용시간(개당): 1시간 / 분리형 (2개) / 리튬이온 / [필터] 분리형배기필터 / 헤파필터 / H13급 / 5단계여과 / [기능] 자동물공급 / 디스플레이표시창 / 배터리잔량표시 / IoT기능 / [구성] 바닥 / 솔형 / 틈새 / 거치대 / [부가] 색상: 카밍베이지 / 크기(가로x세로x깊이): 250x1120x260mm,860680
일렉트로룩스 얼티밋홈 900 EFP91813,핸디/스틱청소기 / 핸디+스틱형 / 무선형 / 흡입+걸레겸용 / 소비전력: 150W / [성능] 싸이클론 / 인버터모터 / [배터리] 충전시간: 1시간38분 / 사용시간(개당): 1시간 / 분리형 (1개) / 리튬이온 / [필터] 5단계여과 / [기능] 디스플레이표시창 / LED라이트 / 배터리잔량표시 / [구성] 바닥 / 솔형 / 틈새 / 업탑어댑터 / 거치대 / [부가] 먼지통용량: 0.4L / 색상: 그라나이트그레이 / 무게: 2.88kg / 크기(가로x세로x깊이): 260x1120x260mm,425320
일렉트로룩스 퓨어 Q9 파워프로 PQ92-2OGF,핸디/스틱청소기 / 핸디+스틱형 / 무선형 / 흡입전용 / [배터리] 충전시간: 3시간30분 / 사용시간(개당): 50분 / 내장형 / 리튬이온 / [필터] 5단계여과 / [기능] 셀프스탠딩 / LED라이트 / 배터리잔량표시 / [구성] 바닥 / 솔형 / 틈새 / 거치대 / [부가] 먼지통용량: 0.3L / 색상: 그라나이트그레이 / 무게: 0.8kg / 크기(가로x세로x깊이): 256x1097x155mm,271900
디월트 DCPW550B,업소용청소기 / 고압세척기 / 무선형 / [부가] 색상: 옐로우,206410
일렉트로룩스 Well Q6 Pet WQ61-1PSH,핸디/스틱청소기 / 핸디+스틱형 / 무선형 / 흡입전용 / [성능] 싸이클론 / [배터리] 충전시간: 4시간30분 / 사용시간(개당): 45분 / 내장형 / 리튬이온 / [기능] 브러쉬자동청소 / 셀프스탠딩 / LED라이트 / 배터리잔량표시 / [구성] 바닥 / 펫 / 솔형 / 틈새 / [부가] 먼지통용량: 0.3L / 색상: 쉘화이트 / 무게: 2.65kg / 크기(가로x세로x깊이): 258x1105x140mm,187260
8xWqHzOmcP,8xWqHzOmcP141029,141029
,,
레모토 윈드팡 에어건 무선청소기 AD-KF80,"차량용청소기 / 무선 / 흡입력: 최대 9,000Pa / 헤파필터 / 추가노즐: 틈새, 솔브러쉬 / 사용시간: 최대 25분 / 충전시간: 약3.5시간 / 크기: 334x80x80mm / 무게: 625g",67320
일렉트로룩스 WELL Q7 WQ71-2BSWF,핸디/스틱청소기 / 핸디+스틱형 / 무선형 / 흡입전용 / [성능] 싸이클론 / [배터리] 충전시간: 4시간30분 / 사용시간(개당): 50분 / 내장형 / 리튬이온 / [필터] 5단계여과 / [기능] 셀프스탠딩 / LED라이트 / 배터리잔량표시 / [구성] 바닥 / 침구 / 솔형 / 더스팅 / 긴틈새 / 거치대 / [부가] 먼지통용량: 0.3L / 색상: 사틴화이트 / 무게: 2.8kg / 크기(가로x세로x깊이): 386x692x146mm,270860
일렉트로룩스 에르고라피도 ZB3511DB,핸디/스틱청소기 / 핸디+스틱형 / 무선형 / 흡입전용 / [배터리] 충전시간: 4시간 / 사용시간(개당): 35분 / 내장형 / 리튬이온 / [필터] 4단계여과 / [기능] 브러쉬자동청소 / 셀프스탠딩 / LED라이트 / 배터리잔량표시 / [구성] 바닥 / 틈새 / 거치대 / [부가] 먼지통용량: 0.42L / 색상: 데님블루 / 무게: 2.5kg / 크기(가로x세로x깊이): 299x689x165mm,148980
기펠 ZET-10,핸디/스틱청소기 / 핸디+스틱형 / 무선형 / 흡입전용 / 소비전력: 200W / [성능] BLDC모터 / [기능] LED라이트 / [구성] 바닥 / 솔형 / 틈새 / 거치대 / [부가] 색상: 실버 / 무게: 2.5kg / 크기(가로x세로x깊이): 250x1045x240mm,169000
한경희생활과학 VH-400WT,핸디/스틱청소기 / 핸디+스틱형 / 무선형 / 소비전력: 60W / [배터리] 충전시간: 8시간 / 사용시간(개당): 20분 / 니켈카드뮴 / [구성] 바닥 / 틈새 / 연장툴 / [부가] 색상: 화이트 / 무게: 1.28kg / 크기(가로x세로x깊이): 144x387x136mm,51010
,,
지웰 티네코 iFloor3,물걸레청소기 / 스틱형 / 물걸레+진공 / 롤러식 / 무선형 / 충전시간: 4시간 / 사용시간(개당): 30분 / BLDC모터 / 소비전력: 220W / [기능] 셀프스탠딩 / 배터리잔량표시 / 거치대 / 걸레자동세척 / 헤파필터 / [부가] 물통용량: 0.6L / 크기(가로x세로x깊이): 270x1090x250mm,452410
일렉트로룩스 ZB6210EB,핸디/스틱청소기 / 핸디형 / 무선형 / 흡입전용 / [성능] 싸이클론 / [배터리] 충전시간: 4시간 / 사용시간(개당): 23분 / 내장형 / 리튬이온 / [필터] 3단계여과 / [부가] 먼지통용량: 0.5L / 색상: 에보니블랙 / 무게: 1.09kg / 크기(가로x세로x깊이): 124x410x137mm,84160
DIBEA 차이슨 ALLNEW22000,핸디/스틱청소기 / 핸디+스틱형 / 무선형 / 흡입+걸레겸용 / 소비전력: 280W / [성능] 흡입력: 26000Pa / 싸이클론 / BLDC모터 / [배터리] 충전시간: 4~5시간 / 사용시간(개당): 40분 / 리튬이온 / [필터] 헤파필터 / H13급 / 4단계여과 / [기능] LED라이트 / 배터리잔량표시 / [구성] 바닥 / 물걸레 / 침구 / 솔형 / 틈새 / 연장툴 / 거치대 / [부가] 먼지통용량: 0.55L / 무게: 2.2kg / 크기(가로x세로x깊이): 240x1040x212mm,178000
신일 무선 청소기 SVC-M2299,"차량용청소기 / 무선 / 추가노즐: 틈새 / 사용시간: 15분 / 크기:80x80x340mm / 무게: 630g / 배터리: 2,000mAh",31760
캐치웰 C10,핸디/스틱청소기 / 핸디+스틱형 / 무선형 / 흡입전용 / 소비전력: 200W / [성능] BLDC모터 / [배터리] 충전시간: 4시간 / 사용시간(개당): 30분 / 분리형 (1개) / 리튬이온 / [필터] 헤파필터 / [기능] LED라이트 / 배터리잔량표시 / [구성] 바닥 / 침구 / 솔형 / 틈새 / 연장툴 / 거치대 / [부가] 색상: 크리스탈레드 / 무게: 1.24kg,140360
,,
로엘 듀스핀2,물걸레청소기 / 스틱형 / 회전식 / 무선형 / 배터리: 리튬이온 / 충전시간: 3~4시간 / 사용시간(개당): 5시간 / [기능] 각도조절 / 셀프스탠딩 / [부가] 무게: 1.08kg / 패드: 극세사(벨크로형) / 크기(가로x세로x깊이): 290x1250x135mm,68750
LG전자 코드제로 A9 AS9100ST,핸디/스틱청소기 / 핸디+스틱형 / 무선형 / 흡입+걸레겸용 / 소비전력: 450W / [성능] 흡입력: 140W / 2중터보싸이클론 / 인버터모터 / [배터리] 충전시간: 4시간 / 사용시간(개당): 50분 / 분리형 (1개) / 리튬이온 / [필터] 헤파필터 / H13급 / 5단계여과 / [기능] 배터리잔량표시 / [구성] 바닥 / 솔형 / 틈새 / 올인원타워 / [부가] 색상: 판타지실버 / 크기(가로x세로x깊이): 250x1120x260mm,721600
머레이 핸디형 무선청소기 HK-6030,"차량용청소기 / 무선 / 흡입력: 2,000Pa / 최대출력: 35W / 헤파필터 / 추가노즐: 틈새, 솔브러쉬 / 사용시간: 20분 / 충전방식: USB C타입 / 색상: 그레이, 그린, 블루, 블랙 / 충전시간: 4시간 / 무게: 366g",31050
일렉트로룩스 에르고라피도 베드프로 ZB3323BO,핸디/스틱청소기 / 핸디+스틱형 / 무선형 / 흡입전용 / [성능] 싸이클론 / [배터리] 충전시간: 4시간 / 사용시간(개당): 48분 / 내장형 / 리튬이온 / [필터] 4단계여과 / [기능] 브러쉬자동청소 / 셀프스탠딩 / LED라이트 / 배터리잔량표시 / [구성] 바닥 / 침구 / 틈새 / 거치대 / [부가] 먼지통용량: 0.42L / 색상: 마호가니브론즈 / 무게: 3.36kg / 크기(가로x세로x깊이): 303x690x162mm,187340
신일전자 SDC-P4000HP,물걸레청소기 / 스틱형 / 회전식 / 무선형 / 배터리: 리튬이온 / 충전시간: 3시간 / 사용시간(개당): 30분 / 소비전력: 80W / [기능] LED라이트 / 각도조절 / 셀프스탠딩 / 배터리잔량표시 / [부가] 색상: 네이비 / 무게: 3.5kg / 모터과열방지 / 패드: 극세사(벨크로형) / 크기(가로x세로x깊이): 410x1230x215mm,109930
휴스톰 듀얼스핀 플러스 HS-11000,물걸레청소기 / 스틱형 / 회전식 / 무선형 / 배터리: 리튬이온 / 충전시간: 2시간30분 / 사용시간(개당): 30분 / [기능] LED라이트 / 가구손상방지 / 각도조절 / 배터리잔량표시 / 거치대 / 프리볼트 / [부가] 색상: 블랙 / 무게: 3.7kg / 모터과열방지 / 과충전방지 / 오토스토핑 / 패드: 극세사(벨크로형) / 크기(가로x세로x깊이): 410x1180x205mm,205580
샤오미 유핀 CL99,핸디/스틱청소기 / 스틱형 / 무선형 / 흡입전용 / 소비전력: 37W / [배터리] 충전시간: 4시간 / 사용시간(개당): 50분 / [부가] 색상: 화이트 / 무게: 1.1kg,33500
코스텔 레트로 CMR-127ETN,"물걸레청소기 / 스틱형 / 회전식 / 무선형 / 배터리: 리튬이온 / 충전시간: 2시간30분 / 사용시간(개당): 2시간 / [기능] 각도조절 / [부가] 색상: 엣지블랙, 빈티지레드 / 브러쉬: 마루, 바닥, 욕실, 창문, 차 / 크기(가로x세로): 300x1150mm",249000
코칸 차량용 무선 진공 핸디 청소기 CHC-UY01,"차량용청소기 / 무선 / 흡입력: 5,800Pa / 헤파필터 / 추가노즐: 솔브러쉬 / 크기: 70x290mm / 무게: 560g",47570
베이스어스 차량용 청소기 A3,"차량용청소기 / 무선 / 흡입력: 15,000Pa / 최대출력: 135W / 헤파필터 / 추가노즐: 틈새, 솔브러쉬 / LED라이트 / 사용시간: 45분 / 배터리 잔량표시 / 소음: 75dB / 충전방식: USB C타입 / 충전시간: 3~5시간 / 색상: 그린, 실버 / 크기: 296x56.5mm",97890
지웰 벤투스 멀티,"물걸레청소기 / 스틱+핸디형 / 물걸레+진공 / 롤러식 / 무선형 / 배터리: 리튬이온 / 충전시간: 4시간 / 사용시간(개당): 33분 / BLDC모터 / 흡입력: 20000Pa / 소비전력: 250W / [기능] 물분사 / 각도조절 / 거치대 / 걸레자동세척 / 헤파필터 / [부가] 물통용량: 0.35L / 먼지통용량: 0.35L / 색상: 블랙 / 브러쉬: 바닥, 멀티아쿠아키트, 미니아쿠아키트, 3in1, 침구, 연장관 / 크기(가로x세로x깊이): 240x11165x160mm",363080
신일전자 더쎈 SVC-ECO150,핸디/스틱청소기 / 핸디+스틱형 / 무선형 / [성능] 흡입력: 150W / [배터리] 충전시간: 5~6시간 / 사용시간(개당): 20분 / 리튬이온 / [필터] 헤파필터 / 3단계여과 / [기능] LED라이트 / 프리볼트 / [구성] 바닥 / 솔형 / 틈새 / 연장툴 / 거치대 / [부가] 무게: 1.3kg / 크기(가로x세로x깊이): 230x1120x300mm,142300
신일전자 LCYC913,핸디/스틱청소기 / 핸디형 / 무선형 / 흡입전용 / 소비전력: 100W / [성능] 흡입력: 3500Pa / [배터리] 충전시간: 3시간 / 사용시간(개당): 20분 / 리튬이온 / [필터] 헤파필터 / [구성] 솔형 / 틈새 / 연장툴 / [부가] 색상: 블랙 / 무게: 0.48kg / 크기(가로x세로): 98x395mm,30600
이지 100 차량용 무선 청소기 ECONER-T2,"차량용청소기 / 무선 / 흡입력: 4,500Pa / 최대출력: 45W / 헤파필터 / 추가노즐: 틈새, 솔브러쉬 / LED라이트 / 사용시간: ~25분 / 충전시간: 6시간 / 충전방식: USB C타입 / 배터리용량: 400mAh / 크기: 164x147x56mm / 무게: 300g / 색상: 화이트, 블랙",32790
LG전자 코드제로 ThinQ A9S 펫 A9700BPK,핸디/스틱청소기 / 핸디+스틱형 / 무선형 / 흡입+걸레겸용 / 소비전력: 590W / [성능] 흡입력: 200W / 2중터보싸이클론 / 인버터모터 / [배터리] 충전시간: 4시간 / 사용시간(개당): 1시간 / 분리형 (2개) / 리튬이온 / [필터] 헤파필터 / H13급 / 5단계여과 / [기능] 자동물공급 / 디스플레이표시창 / 배터리잔량표시 / IoT기능 / [구성] 바닥 / 물걸레 / 펫 / 솔형 / 굳은먼지 / 상부청소 / 틈새 / 긴틈새 / 매트리스 / 연장툴 / 거치대 / [부가] 색상: 블랙 / 크기(가로x세로x깊이): 250x1120x260mm,897160
신일전자 SVC-680G,핸디/스틱청소기 / 핸디형 / 무선형 / [배터리] 충전시간: 5시간 / 사용시간(개당): 15분 / [구성] 틈새 / 거치대 / [부가] 색상: 실버 / 무게: 0.8kg / 크기(가로x세로x깊이): 425x95x90mm,31850
일렉트로룩스 에르고라피도 파워프로 ZB3424BL,핸디/스틱청소기 / 핸디+스틱형 / 무선형 / 흡입전용 / [배터리] 충전시간: 4시간 / 사용시간(개당): 48분 / 내장형 / 리튬이온 / [필터] 4단계여과 / [기능] 셀프스탠딩 / 배터리잔량표시 / [구성] 바닥 / 침구 / 솔형 / 틈새 / 긴틈새 / 패브릭 / 연장툴 / 거치대 / [부가] 먼지통용량: 0.42L / 색상: 소프트샌드 / 무게: 3.6kg,196950
LG전자 코드제로 ThinQ A9S AS9570,핸디/스틱청소기 / 핸디+스틱형 / 무선형 / 흡입+걸레겸용 / 소비전력: 590W / [성능] 흡입력: 200W / 2중터보싸이클론 / 스마트인버터모터 / [배터리] 충전시간: 4시간 / 사용시간(개당): 1시간 / 분리형 (2개) / 리튬이온 / [필터] 분리형배기필터 / 헤파필터 / H13급 / 5단계여과 / [기능] 자동물공급 / 배터리잔량표시 / IoT기능 / 자동먼지비움 / [구성] 바닥 / 물걸레 / 침구 / 솔형 / 틈새 / 올인원타워 / [부가] 색상: 블랙 / 무게: 2.6kg / 크기(가로x세로x깊이): 250x1120x260mm,957220
툴앤툴 네오스틱 T400W,핸디/스틱청소기 / 핸디+스틱형 / 무선형 / 흡입+걸레겸용 / 소비전력: 400W / [성능] 싸이클론 / BLDC모터 / [배터리] 충전시간: 2시간30분 / 사용시간(개당): 40분 / 리튬이온 / [필터] 헤파필터 / H14급 / [기능] LED라이트 / 프리볼트 / [구성] 바닥 / 물걸레 / 틈새 / 거치대 / [부가] 먼지통용량: 0.8L / 색상: 화이트 / 무게: 1.5kg / 크기(가로x세로x깊이): 410x805x165mm,119000
휴스톰 듀얼스핀 HS-10100W,물걸레청소기 / 스틱형 / 물걸레전용 / 회전식 / 무선형 / 배터리: 리튬이온 / 충전시간: 2시간30분 / [기능] LED라이트 / 각도조절 / 셀프스탠딩 / 배터리잔량표시 / 프리볼트 / [부가] 색상: 화이트 / 무게: 3.7kg / 패드: 극세사(벨크로형) / 크기(가로x세로x깊이): 410x1020x205mm,167110
엔퓨텍 퓨라이트에어XD,침구청소기 / 핸디형 / 무선형 / 충전시간: 2시간 / 사용시간(개당): 1시간30분 / [기능] 청소모드: UV살균 / 소비전력: 9W / [부가] 무게: 0.453kg / 크기(가로x세로x깊이): 80x530x60mm,229720
일렉트로룩스 퓨어 Q9 PQ91-3OB,핸디/스틱청소기 / 핸디+스틱형 / 무선형 / 흡입전용 / [성능] 싸이클론 / [배터리] 충전시간: 4시간 / 사용시간(개당): 55분 / 내장형 / 리튬이온 / [필터] 5단계여과 / [기능] 브러쉬자동청소 / 셀프스탠딩 / LED라이트 / [구성] 바닥 / 솔형 / 더스팅 / 틈새 / 거치대 / [부가] 먼지통용량: 0.3L / 색상: 인디고블루 / 무게: 2.75kg / 크기(가로x세로x깊이): 256x1100x130mm,239000
신일전자 SVC-R220UB,핸디/스틱청소기 / 핸디+스틱형 / 무선형 / 흡입전용 / 소비전력: 120W / [성능] 흡입력: 13000Pa / 싸이클론 / BLDC모터 / [배터리] 충전시간: 5시간 / 사용시간(개당): 20분 / 리튬이온 / [필터] 헤파필터 / H13급 / 4단계여과 / [기능] 프리볼트 / [구성] 바닥 / 솔형 / 패브릭 / 연장툴 / 거치대 / [부가] 먼지통용량: 0.5L / 색상: 화이트 / 무게: 1.34kg / 크기(가로x세로x깊이): 225x1200x78mm,66270
삼성전자 비스포크 슬림 VS15A680AEW,핸디/스틱청소기 / 스틱형 / 무선형 / 흡입+걸레겸용 / 소비전력: 450W / [성능] 흡입력: 150W / 싸이클론 / 디지털인버터모터 / [배터리] 충전시간: 4시간 / 사용시간(개당): 50분 / 내장형 / 리튬이온 / [필터] 5단계여과 / [기능] 셀프스탠딩 / LED라이트 / [구성] 바닥 / 틈새 / [부가] 먼지통용량: 0.3L / 색상: 미스티화이트 / 무게: 2.6kg / 크기(가로x세로x깊이): 250x1143x194mm,299000
LG전자 오브제컬렉션 코드제로 ThinQ A9S AT9401WC,핸디/스틱청소기 / 핸디+스틱형 / 무선형 / 흡입+걸레겸용 / 소비전력: 590W / [성능] 흡입력: 210W / 2중터보싸이클론 / 스마트인버터모터 / [배터리] 충전시간: 4시간 / 사용시간(개당): 1시간 / 분리형 (2개) / 리튬이온 / [필터] 분리형배기필터 / 헤파필터 / H13급 / 5단계여과 / [기능] 자동물공급 / 배터리잔량표시 / IoT기능 / 자동먼지비움 / [구성] 바닥 / 솔형 / 틈새 / 올인원타워 / [부가] 색상: 카밍베이지 / 무게: 2.6kg / 크기(가로x세로x깊이): 250x1120x260mm,1057750
일렉트로룩스 퓨어 Q9 파워프로 PQ92-3EMF,핸디/스틱청소기 / 핸디+스틱형 / 무선형 / 흡입전용 / [성능] 싸이클론 / [배터리] 충전시간: 4시간 / 사용시간(개당): 53분 / 내장형 / 리튬이온 / [필터] 5단계여과 / [기능] 셀프스탠딩 / LED라이트 / [구성] 바닥 / 솔형 / 틈새 / 긴틈새 / 거치대 / [부가] 먼지통용량: 0.3L / 색상: 마호가니브론즈 / 무게: 2.89kg / 크기(가로x세로x깊이): 256x1097x155mm,274940
캐치웰 VX11,핸디/스틱청소기 / 핸디+스틱형 / 무선형 / 흡입전용 / 소비전력: 230W / [성능] 흡입력: 20000Pa / 싸이클론 / BLDC모터 / [배터리] 사용시간(개당): 1시간 / 분리형 (1개) / [필터] 5단계여과 / [기능] LED라이트 / [구성] 바닥 / 침구 / 솔형 / 틈새 / 연장툴 / 거치대 / [부가] 무게: 2.32kg,159000
삼성전자 비스포크 제트 VS20B957D4,핸디/스틱청소기 / 핸디+스틱형 / 무선형 / 흡입+걸레겸용 / [성능] 흡입력: 220W / 제트싸이클론 / 디지털인버터모터 / [배터리] 충전시간: 3시간30분 / 사용시간(개당): 1시간 / 분리형 (2개) / 리튬이온 / [필터] 5단계여과 / [기능] 자동물공급 / 디스플레이표시창 / LED라이트 / 배터리잔량표시 / IoT기능 / 자동먼지비움 / [구성] 바닥 / 물걸레 / 솔형 / 틈새 / 청정스테이션 / [부가] 먼지통용량: 0.5L / 색상: 페블그레이 / 크기(가로x세로x깊이): 250x930x202mm,998230
axY81axmNM,axY81axmNM225285,225285
일렉트로룩스 WELL Q7 WQ71-2OIBF,핸디/스틱청소기 / 핸디+스틱형 / 무선형 / 흡입전용 / [성능] 싸이클론 / [배터리] 충전시간: 4시간30분 / 사용시간(개당): 50분 / 내장형 / 리튬이온 / [필터] 5단계여과 / [기능] 셀프스탠딩 / LED라이트 / 배터리잔량표시 / [구성] 바닥 / 솔형 / 긴틈새 / 거치대 / [부가] 먼지통용량: 0.3L / 색상: 인디고블루 / 무게: 2.8kg / 크기(가로x세로x깊이): 258x1105x140mm,215040
샤오미 CLEANFLY 차량용 무선 청소기 (해외구매),"차량용청소기 / 무선 / 흡입력: 5,000Pa / 최대출력: 80W / 헤파필터 / 추가노즐: 틈새, 솔브러쉬 / LED라이트 / 사용시간: 13분 / 충전방식: 시거잭 / 충전시간: 1시간30분 / 크기: 298x70mm / 무게: 560g",29820
,,
에어그립 차량용 무선진공청소기 라이트 KA-377,"차량용청소기 / 무선 / 흡입력: 5,500Pa / 헤파필터 / 추가노즐: 솔브러쉬, 연장호스 / LED라이트 / 충전방식: USB C타입 / 배터리용량: 2,000mAh / 크기: 167mmx55mmx146mm / 무게: 300g",33200
일렉트로룩스 Well Q7 Pet WQ71-2PSSF,핸디/스틱청소기 / 핸디+스틱형 / 무선형 / 흡입전용 / [성능] 싸이클론 / [배터리] 충전시간: 4시간30분 / 사용시간(개당): 50분 / 내장형 / 리튬이온 / [필터] 5단계여과 / [기능] 셀프스탠딩 / LED라이트 / 배터리잔량표시 / [구성] 바닥 / 펫 / 솔형 / 틈새 / 거치대 / [부가] 먼지통용량: 0.3L / 색상: 소프트샌드 / 무게: 2.8kg / 크기(가로x세로x깊이): 258x1105x140mm,238000
다이슨 V8 플러피,핸디/스틱청소기 / 핸디+스틱형 / 무선형 / 흡입전용 / 소비전력: 485W / [성능] 흡입력: 155AW / 싸이클론 / [배터리] 충전시간: 5시간 / 사용시간(개당): 40분 / 리튬이온 / [구성] 소프트롤러 / 미니모터 / 솔형 / 더스팅 / 틈새 / 매트리스 / 연장툴 / 도킹스테이션 / [부가] 무게: 2.58kg / 크기(가로x세로x깊이): 250x1264x224mm,617580
LG전자 코드제로 ThinQ A9S AT9401IB,핸디/스틱청소기 / 핸디+스틱형 / 무선형 / 흡입+걸레겸용 / 소비전력: 590W / [성능] 흡입력: 210W / 2중터보싸이클론 / 스마트인버터모터 / [배터리] 충전시간: 4시간 / 사용시간(개당): 1시간 / 분리형 (2개) / 리튬이온 / [필터] 헤파필터 / H13급 / 5단계여과 / [기능] 자동물공급 / 배터리잔량표시 / IoT기능 / 자동먼지비움 / [구성] 바닥 / 솔형 / 틈새 / 올인원타워 / [부가] 색상: 아이언그레이+딥그레이 / 무게: 2.6kg / 크기(가로x세로x깊이): 250x1120x260mm,998950
삼성전자 비스포크 제트 VS20A957G3P,핸디/스틱청소기 / 핸디+스틱형 / 무선형 / 흡입+걸레겸용 / [성능] 흡입력: 210W / 제트싸이클론 / 디지털인버터모터 / [배터리] 충전시간: 3시간30분 / 사용시간(개당): 1시간 / 분리형 (2개) / 리튬이온 / [필터] 5단계여과 / [기능] 자동물공급 / 디스플레이표시창 / 배터리잔량표시 / 자동먼지비움 / [구성] 바닥 / 물걸레 / 침구 / 펫 / 솔형 / 틈새 / 연장툴 / 청정스테이션 / [부가] 먼지통용량: 0.5L / 물통용량: 0.15L / 색상: 미드나잇블루 / 무게: 2.5kg / 액세서리크래들  / 크기(가로x세로x깊이): 250x930x202mm,1450690
,,
일렉트로룩스 WELL Q7 WQ71-2ESSF,핸디/스틱청소기 / 핸디+스틱형 / 무선형 / 흡입전용 / [성능] 싸이클론 / [배터리] 충전시간: 4시간30분 / 사용시간(개당): 50분 / 내장형 / 리튬이온 / [필터] 5단계여과 / [기능] 셀프스탠딩 / LED라이트 / 배터리잔량표시 / [구성] 바닥 / 솔형 / 더스팅 / 긴틈새 / 거치대 / [부가] 먼지통용량: 0.3L / 색상: 소프트샌드 / 무게: 2.8kg / 크기(가로x세로x깊이): 386x692x146mm,191880
샤오미 SWDK-D260,물걸레청소기 / 스틱형 / 왕복식 / 무선형 / 배터리: 리튬이온 / 충전시간: 3시간 / 사용시간(개당): 50분 / [기능] 물분사 / LED라이트 / 프리볼트 / [부가] 색상: 화이트 / 무게: 2.4kg / 110V / 변환어댑터: 필요,97900
LG전자 오브제컬렉션 코드제로 ThinQ A9S AT9201WBK,핸디/스틱청소기 / 핸디+스틱형 / 무선형 / 흡입+걸레겸용 / 소비전력: 590W / [성능] 흡입력: 210W / 2중터보싸이클론 / 스마트인버터모터 / [배터리] 충전시간: 4시간 / 사용시간(개당): 1시간 / 분리형 (1개) / 리튬이온 / [필터] 타공/분리형배기필터 / 헤파필터 / H13급 / 5단계여과 / [기능] 자동물공급 / 배터리잔량표시 / IoT기능 / 자동먼지비움 / [구성] 바닥 / 솔형 / 틈새 / 올인원타워 / [부가] 색상: 카밍베이지 / 무게: 2.6kg / 크기(가로x세로x깊이): 250x1120x260mm,760050
아이닉 NEW i20,핸디/스틱청소기 / 핸디+스틱형 / 무선형 / 흡입+걸레겸용 / 소비전력: 350W / [성능] 흡입력: 30000Pa / BLDC모터 / [배터리] 충전시간: 5시간 / 사용시간(개당): 50분 / 분리형 (1개) / 리튬이온 / [필터] 헤파필터 / H13급 / 5단계여과 / 배터리잔량표시 / [구성] 바닥 / 침구 / 솔형 / 틈새 / [부가] 먼지통용량: 0.5L / 색상: 블랙 / 무게: 2.5kg / 크기(가로x세로x깊이): 241x1144x211mm,198000
리빙코리아 웰스톰 VC150,핸디/스틱청소기 / 핸디+스틱형 / 무선형 / 흡입+걸레겸용 / [성능] 흡입력: 160AW / [배터리] 충전시간: 5시간 / 사용시간(개당): 35분 / 분리형 (1개) / [필터] 헤파필터 / H13급 / 3단계여과 / [기능] LED라이트 / 배터리잔량표시 / [구성] 바닥 / 물걸레 / 솔형 / 틈새 / 거치대 / [부가] 무게: 2.3kg,132610
,,
LG전자 코드제로 ThinQ A9S A9700,핸디/스틱청소기 / 핸디+스틱형 / 무선형 / 흡입+걸레겸용 / 소비전력: 590W / [성능] 흡입력: 200W / 2중터보싸이클론 / 인버터모터 / [배터리] 충전시간: 4시간 / 사용시간(개당): 1시간 / 분리형 (2개) / 리튬이온 / [필터] 헤파필터 / H13급 / 5단계여과 / [기능] 자동물공급 / 디스플레이표시창 / 배터리잔량표시 / IoT기능 / [구성] 바닥 / 물걸레 / 침구 / 솔형 / 굳은먼지 / 상부청소 / 틈새 / 긴틈새 / 매트리스 / 연장툴 / 거치대 / [부가] 색상: 판타지실버 / 크기(가로x세로x깊이): 250x1120x260mm,1039510
삼성전자 비스포크 제트 VS20B957E4,핸디/스틱청소기 / 핸디+스틱형 / 무선형 / 흡입+걸레겸용 / [성능] 흡입력: 220W / 제트싸이클론 / 디지털인버터모터 / [배터리] 충전시간: 3시간30분 / 사용시간(개당): 1시간 / 분리형 (2개) / 리튬이온 / [필터] 5단계여과 / [기능] 자동물공급 / 디스플레이표시창 / LED라이트 / 배터리잔량표시 / IoT기능 / 자동먼지비움 / [구성] 바닥 / 물걸레 / 침구 / 솔형 / 틈새 / 청정스테이션 / [부가] 먼지통용량: 0.5L / 색상: 모닝블루 / 크기(가로x세로x깊이): 250x930x202mm,1129310
캐치웰 CV6 플러스,핸디/스틱청소기 / 핸디+스틱형 / 무선형 / 소비전력: 160W / [성능] 흡입력: 12000Pa / 트윈싸이클론 / [배터리] 충전시간: 4시간 / 사용시간(개당): 40분 / 리튬이온 / [필터] 헤파필터 / [기능] LED라이트 / [구성] 바닥 / 솔형 / 틈새 / 연장툴 / 거치대 / [부가] 먼지통용량: 0.35L / 색상: 레드 / 무게: 1.89kg,99000
알토디자인 에코너 T-1 핸디형 무선 차량용 청소기,"차량용청소기 / 무선 / 흡입력: 6,000Pa / 최대출력: 70W / 헤파필터 / 추가노즐: 틈새, 솔브러쉬 / 사용시간: 12~20분 / 크기: 73.4x301.7mm / 무게: 606g",47160
욜로닉스 로헨 L30,핸디/스틱청소기 / 핸디+스틱형 / 무선형 / 흡입+걸레겸용 / 소비전력: 350W / [성능] 흡입력: 35000Pa / [배터리] 충전시간: 5시간 / 사용시간(개당): 50분 / 분리형 (1개) / 리튬이온 / [필터] 듀얼헤파필터 / H13급 / 5단계여과 / [구성] 바닥 / 침구 / 솔형 / 틈새 / 거치대 / [부가] 먼지통용량: 0.5L / 무게: 2.5kg / 크기(가로x세로x깊이): 241x1144x211mm,186000
비즈포비즈 클래파 BVC-H10,핸디/스틱청소기 / 핸디+스틱형 / 무선형 / 흡입전용 / 소비전력: 45W / [성능] 흡입력: 6000Pa / 싸이클론 / DC모터 / [배터리] 충전시간: 4시간 / 사용시간(개당): 20분 / 리튬이온 / [필터] 헤파필터 / 3단계여과 / [구성] 바닥 / 솔형 / 틈새 / 연장툴 / [부가] 먼지통용량: 0.9L / 색상: 화이트 / 무게: 0.9kg / 크기(가로x세로x깊이): 130x1130x70mm,41810
샤오미 미지아 WXCDJ01SWDK,물걸레청소기 / 스틱형 / 왕복식 / 무선형 / 배터리: 리튬이온 / 충전시간: 3시간 / 사용시간(개당): 1시간 / 소비전력: 25W / [기능] 물분사 / LED라이트 / 각도조절 / 거치대 / 프리볼트 / [부가] 색상: 화이트 / 무게: 2.6kg / 크기(가로x세로x깊이): 296x1114x220mm,93490
샤오미 TROUVER TECH SOLO10,핸디/스틱청소기 / 핸디+스틱형 / 무선형 / 흡입전용 / 소비전력: 300W / [성능] 흡입력: 85AW / 흡입력: 18000Pa / BLDC모터 / [배터리] 충전시간: 3시간30분 / 사용시간(개당): 48분 / 내장형 / [필터] 5단계여과 / [기능] 디스플레이표시창 / 배터리잔량표시 / [구성] 바닥 / 솔형 / 틈새 / [부가] 먼지통용량: 0.4L / 색상: 화이트+레드 / 무게: 1.4kg,76980
신일전자 SVC-650SG,핸디/스틱청소기 / 핸디형 / 무선형 / [성능] 흡입력: 35W / [배터리] 충전시간: 8시간 / 사용시간(개당): 5~10분 / [구성] 바닥 / 연장툴 / 거치대 / [부가] 색상: 화이트 / 무게: 1.5kg / 크기(가로x세로x깊이): 440x150x130mm,41080
샤오미 드리미 T20,핸디/스틱청소기 / 핸디+스틱형 / 무선형 / 흡입+걸레겸용 / 소비전력: 450W / [성능] 흡입력: 150AW / 흡입력: 25000Pa / 싸이클론 / BLDC모터 / [배터리] 충전시간: 4시간 / 사용시간(개당): 1시간10분 / 분리형 (1개) / [필터] 헤파필터 / H12급 / 5단계여과 / [구성] 바닥 / 물걸레 / 침구 / 솔형 / 틈새 / 연장툴 / 거치대 / [부가] 먼지통용량: 0.6L / 물통용량: 0.25L / 색상: 레드 / 무게: 1.67kg / 크기(가로x세로x깊이): 259x1191x164mm,378990
지웰 GWELL-1200,"침구청소기 / 핸디형 / 무선형 / 충전시간: 3~4시간 / 사용시간(개당): 25분 / [기능] 청소모드: UV살균, 진동, 흡입 / 진동수: 8000회(분당) / 흡입력: 6000Pa / [부가] 색상: 블루 / 크기(가로x세로x깊이): 245x160x205mm",135150
보쉬 유니버셜백 18,핸디/스틱청소기 / 핸디+스틱형 / 무선형 / 사용시간(개당): 20분 / [기능] 배터리잔량표시 / [구성] 바닥 / 솔형 / 틈새 / 연장툴 / [부가] 먼지통용량: 0.5L / 무게: 0.9kg,130380
휴스톰 듀얼라이팅 HS-9000,물걸레청소기 / 스틱형 / 회전식 / 무선형 / 배터리: 리튬이온 / 충전시간: 4시간 / 사용시간(개당): 30분 / [기능] LED라이트 / 가구손상방지 / 각도조절 / 셀프스탠딩 / [부가] 색상: 블랙 / 무게: 3.6kg / 모터과열방지 / 과충전방지 / 오토스토핑 / 패드: 극세사(벨크로형) / 크기(가로x세로x깊이): 410x860x256mm,138570
삼성전자 비스포크 제트 VS20A957F3,핸디/스틱청소기 / 핸디+스틱형 / 무선형 / 흡입+걸레겸용 / [성능] 흡입력: 210W / 제트싸이클론 / 디지털인버터모터 / [배터리] 충전시간: 3시간30분 / 사용시간(개당): 1시간 / 분리형 (2개) / 리튬이온 / [필터] 5단계여과 / [기능] 자동물공급 / 디스플레이표시창 / 배터리잔량표시 / 자동먼지비움 / [구성] 바닥 / 물걸레 / 펫 / 솔형 / 틈새 / 연장툴 / 청정스테이션 / [부가] 먼지통용량: 0.5L / 색상: 미스티화이트 / 무게: 2.5kg / 액세서리크래들  / 크기(가로x세로x깊이): 250x930x202mm,902900
삼성전자 비스포크 슬림 VS15A680AF,핸디/스틱청소기 / 스틱형 / 무선형 / 흡입+걸레겸용 / 소비전력: 450W / [성능] 흡입력: 150W / 싸이클론 / 디지털인버터모터 / [배터리] 충전시간: 4시간 / 사용시간(개당): 50분 / 내장형 / 리튬이온 / [필터] 5단계여과 / [기능] 셀프스탠딩 / LED라이트 / [구성] 바닥 / 틈새 / [부가] 먼지통용량: 0.3L / 색상: 그리너리 / 무게: 2.6kg / 크기(가로x세로x깊이): 250x1143x194mm,354990
리하스 S3,핸디/스틱청소기 / 핸디+스틱형 / 무선형 / 흡입+걸레겸용 / 소비전력: 350W / [성능] 흡입력: 30000Pa / 싸이클론 / BLDC모터 / [배터리] 충전시간: 4~5시간 / 사용시간(개당): 42분 / 분리형 (1개) / 리튬이온 / [필터] 헤파필터 / H13급 / 4단계여과 / [기능] 먼지감지센서 / 디스플레이표시창 / LED라이트 / [구성] 바닥 / 틈새 / 패브릭 / 거치대 / [부가] 무게: 1.5kg,149000
로엘 듀스핀,물걸레청소기 / 스틱형 / 회전식 / 무선형 / 배터리: 리튬이온 / 충전시간: 3~4시간 / 사용시간(개당): 4시간 / [기능] 각도조절 / 셀프스탠딩 / [부가] 무게: 0.98kg / 패드: 극세사(벨크로형) / 크기(가로x세로x깊이): 290x1050x135mm,68800
아이룸 마카롱 M20,"핸디/스틱청소기 / 핸디+스틱형 / 무선형 / 흡입전용 / [성능] 흡입력: 12000Pa / [배터리] 충전시간: 5시간 / 사용시간(개당): 30분 / [필터] 헤파필터 / 2단계여과 / [구성] 바닥 / 침구 / 틈새 / [부가] 먼지통용량: 0.5L / 색상: 민트, 베이비핑크, 화이트 / 무게: 1.7kg / 크기(가로x세로x깊이): 405x113x168mm",59000
샤오미 COCLEAN 차량용 무선 청소기,"차량용청소기 / 무선 / 흡입력: 5,800Pa / 최대출력: 80W / 헤파필터 / 추가노즐: 틈새, 솔브러쉬 / LED라이트 / 사용시간: 15분 / 충전시간: 1시간30분 / 충전방식: 시거잭 / 크기: 298x70mm / 무게: 560g",53400
신일전자 욕실의 여왕 바이즈,"욕실청소기 / 스틱형 / 무선형 / [배터리] 충전시간: 6시간 / 사용시간(개당): 1시간15분 / 내장형 / 리튬이온 / [부가] 색상: 화이트 / 무게: 0.78kg / 방수 / 브러쉬: 스크럽, 평면, 틈새, 광택 / 크기(가로x세로x깊이): 165x1120x130mm",49000
한경희생활과학 아쿠아젯 듀얼스핀 HIA-C200,물걸레청소기 / 스틱형 / 물걸레전용 / 회전식 / 무선형 / 충전시간: 6시간 / 사용시간(개당): 2시간 / [기능] 물분사 / LED라이트 / 각도조절 / 셀프스탠딩 / 풋터치버튼 / [부가] 물통용량: 0.4L / 색상: 화이트 / 패드: 극세사(벨크로형) / 크기(가로x세로x깊이): 320x1160x195mm,109000
LG전자 코드제로 ThinQ A9S 펫 AS9571BPGKT,핸디/스틱청소기 / 핸디+스틱형 / 무선형 / 흡입+걸레겸용 / 소비전력: 590W / [성능] 흡입력: 210W / 2중터보싸이클론 / 스마트인버터모터 / [배터리] 충전시간: 4시간 / 사용시간(개당): 1시간 / 분리형 (2개) / 리튬이온 / [필터] 분리형배기필터 / 헤파필터 / H13급 / 5단계여과 / [기능] 자동물공급 / 배터리잔량표시 / IoT기능 / 자동먼지비움 / [구성] 바닥 / 물걸레 / 펫 / 솔형 / 틈새 / 올인원타워 / [부가] 색상: 딥그레이/블랙+카밍그린 / 무게: 2.6kg / 크기(가로x세로x깊이): 250x1120x260mm,1140280
블랙앤데커 BDCDB18N,핸디/스틱청소기 / 핸디형 / 무선형 / [배터리] 리튬이온 / [구성] 틈새,35990
마끼다 DCL281FZW,핸디/스틱청소기 / 핸디+스틱형 / 무선형 / 흡입전용 / 소비전력: 60W / [성능] 흡입력: 8200Pa / BLDC모터 / 사용시간(개당): 20분 / [필터] 헤파필터 / [구성] 바닥 / [부가] 먼지통용량: 0.75L / 색상: 화이트 / 무게: 1.6kg / 크기(가로x세로x깊이): 154x1016x113mm,129640
삼성전자 제트 VS20T9253QDCS,핸디/스틱청소기 / 핸디+스틱형 / 무선형 / 흡입전용 / 소비전력: 550W / [성능] 흡입력: 200W / 싸이클론 / 인버터모터 / [배터리] 충전시간: 3시간30분 / 사용시간(개당): 1시간 / 분리형 (2개) / 리튬이온 / [필터] 헤파필터 / 5단계여과 / [기능] 디스플레이표시창 / 프리볼트 / [구성] 바닥 / 솔형 / 틈새 / 연장툴 / 거치대 / 청정스테이션 / [부가] 먼지통용량: 0.5L / 색상: 티탄+그레이 / 무게: 2.64kg / 크기(가로x세로x깊이): 250x1123x215mm,559990
LG전자 코드제로 T9 T950,"진공청소기 / 무선형 / 흡입력: 250W / 소비전력: 850W / [성능] 2중터보싸이클론 / 인버터모터 / 헤파필터 / 7단계여과 / 먼지통 / 먼지통용량: 1.5L / 먼지압축 / 오토무빙 / [구성] 브러쉬: 플로어 / 보조브러쉬: 틈새, 솔형, 침구용 / [부가] 색상: 판타지실버 / 무게중심센서 / 거리유지센서 / 충돌감지센서 / 크기(가로x세로x깊이): 290x401x327mm",1587130
아이룸 제우스 i30,핸디/스틱청소기 / 핸디+스틱형 / 무선형 / 흡입+걸레겸용 / [성능] 흡입력: 30000Pa / BLDC모터 / [배터리] 충전시간: 5시간 / 사용시간(개당): 40분 / 분리형 (1개) / 리튬이온 / [필터] 헤파필터 / H13급 / 3단계여과 / [기능] 셀프스탠딩 / [구성] 바닥 / 더스팅 / 틈새 / [부가] 무게: 2.4kg / 크기(가로x세로x깊이): 250x1100x210mm,149000
쿠쿠전자 인스퓨어 파워클론 CVC-A1420UG,핸디/스틱청소기 / 핸디+스틱형 / 무선형 / 흡입전용 / 소비전력: 420W / [성능] 흡입력: 140AW / 흡입력: 23000Pa / 싸이클론 / BLDC모터 / [배터리] 사용시간(개당): 35분 / 분리형 (1개) / 리튬이온 / [필터] 헤파필터 / H13급 / 5단계여과 / [기능] 먼지감지센서 / 배터리잔량표시 / [구성] 바닥 / 침구 / 틈새 / 거치대 / [부가] 색상: 어반그레이 / 무게: 1.82kg / 크기(가로x세로x깊이): 250x1200x230mm,238510
에어메이드 THE 500+ AMC-4500,핸디/스틱청소기 / 핸디+스틱형 / 무선형 / 흡입전용 / 소비전력: 500W / [성능] 싸이클론 / BLDC모터 / [배터리] 사용시간(개당): 1시간 / [필터] 헤파필터 / H13급 / 4단계여과 / [기능] 프리볼트 / [구성] 바닥 / 침구 / 솔형 / 더스팅 / 틈새 / 연장툴 / 업탑어댑터 / 거치대 / [부가] 색상: 레드 / 무게: 2.3kg / 크기(가로x세로x깊이): 256x1243x133mm,224720
삼성전자 비스포크 제트 VS20B957G5,핸디/스틱청소기 / 핸디+스틱형 / 무선형 / 흡입+걸레겸용 / [성능] 흡입력: 220W / 제트싸이클론 / 디지털인버터모터 / [배터리] 충전시간: 3시간30분 / 사용시간(개당): 1시간 / 분리형 (2개) / 리튬이온 / [필터] 5단계여과 / [기능] 자동물공급 / 디스플레이표시창 / LED라이트 / 배터리잔량표시 / IoT기능 / 자동먼지비움 / [구성] 바닥 / 물걸레 / 펫 / 침구 / 솔형 / 틈새 / 연장툴 / 청정스테이션 / [부가] 먼지통용량: 0.5L / 색상: 이브닝코랄 / 크기(가로x세로x깊이): 250x930x202mm,1221140
l51VgPZGa0,l51VgPZGa0188423,188423
,,
홈마블 H80,핸디/스틱청소기 / 핸디형 / 무선형 / 흡입전용 / 소비전력: 75W / [성능] 흡입력: 6000Pa / 싸이클론 / BLDC모터 / [배터리] 충전시간: 5시간 / 사용시간(개당): 30분 / [필터] 헤파필터 / 5단계여과 / [구성] 솔형 / 틈새 / 거치대 / [부가] 먼지통용량: 0.5L / 색상: 화이트 / 무게: 0.64kg / 크기(가로x세로x깊이): 65x400x65mm,49800
LG전자 코드제로 ThinQ A9S AS9571,핸디/스틱청소기 / 핸디+스틱형 / 무선형 / 흡입+걸레겸용 / 소비전력: 590W / [성능] 흡입력: 210W / 2중터보싸이클론 / 스마트인버터모터 / [배터리] 충전시간: 4시간 / 사용시간(개당): 1시간 / 분리형 (2개) / 리튬이온 / [필터] 분리형배기필터 / 헤파필터 / H13급 / 5단계여과 / [기능] 자동물공급 / 배터리잔량표시 / IoT기능 / 자동먼지비움 / [구성] 바닥 / 물걸레 / 침구 / 솔형 / 틈새 / 올인원타워 / [부가] 색상: 판타지실버 / 무게: 2.6kg / 크기(가로x세로x깊이): 250x1120x260mm,1076690
신일전자 SVC-PB195BUP,핸디/스틱청소기 / 핸디+스틱형 / 무선형 / 흡입전용 / 소비전력: 130W / [성능] 싸이클론 / DC모터 / [배터리] 충전시간: 5시간 / 사용시간(개당): 35분 / 리튬이온 / [필터] 헤파필터 / 4단계여과 / [기능] LED라이트 / 배터리잔량표시 / [구성] 바닥 / 솔형 / 틈새 / 거치대 / [부가] 색상: 블랙+블루 / 크기(가로x세로x깊이): 260x1170x230mm,98990
유니맥스 UVC-1688,핸디/스틱청소기 / 핸디형 / 무선형 / 소비전력: 25W / [성능] 싸이클론 / [배터리] 충전시간: 10~12시간 / 니켈카드뮴 / [구성] 카펫 / 솔형 / 틈새 / 거치대 / [부가] 색상: 블루 / 무게: 0.683kg / 크기(가로x세로x깊이): 95x350x105mm,19180
지웰 벤투스 아쿠아 맥스,핸디/스틱청소기 / 스틱형 / 물걸레+진공 / 롤러식 / 무선형 / 배터리: 리튬이온 / 충전시간: 3시간 / 사용시간(개당): 30분 / [기능] 물분사 / 걸레자동세척 / [부가] 물통용량: 0.5L / 무게: 3kg,329000
,,
쿠팡 홈플래닛 CP-HVC03,핸디/스틱청소기 / 핸디+스틱형 / 무선형 / 흡입전용 / [성능] 흡입력: 8000Pa / [배터리] 충전시간: 5시간 / 사용시간(개당): 22분 / [필터] 2단계여과 / [기능] 셀프스탠딩 / 배터리잔량표시 / [구성] 바닥 / 솔형 / 거치대 / [부가] 무게: 1kg,47790
신일전자 SVC-B880,핸디/스틱청소기 / 핸디형 / 무선형 / 흡입전용 / 소비전력: 60W / [성능] 싸이클론 / [배터리] 충전시간: 8시간 / 사용시간(개당): 9분 / [구성] 바닥 / 틈새 / 거치대 / [부가] 색상: 블랙,49990
신일전자 롤링스턴 SVC-PEG330,핸디/스틱청소기 / 핸디+스틱형 / 무선형 / [배터리] 충전시간: 4~5시간 / 사용시간(개당): 40분 / 분리형 (1개) / 리튬이온 / [필터] 듀얼헤파필터 / [기능] 셀프스탠딩 / LED라이트 / 배터리잔량표시 / [구성] 바닥 / 솔형 / 틈새 / [부가] 먼지통용량: 0.5L / 색상: 다크실버 / 무게: 2.9kg / 크기(가로x세로x깊이): 261x1182x207mm,99000
마이프랜드 아백 무선 청소기,"차량용청소기 / 무선 / 흡입력: 6,000Pa / 3중필터 / 헤파필터 / 사용시간: 20분 / 충전시간: 4시간 / 충전방식: USB C타입 / 크기:295x150mm / 무게: 450g / 색상: 오렌지, 퍼플",46290
마끼다 DCL180Z,핸디/스틱청소기 / 핸디+스틱형 / 무선형 / [성능] 흡입력: 30W / [배터리] 사용시간(개당): 20분 / 분리형 (1개) / 리튬이온 / [부가] 먼지통용량: 0.65L / 색상: 블루 / 무게: 1.2kg,48260
,,
BDC 얼티메이트,핸디/스틱청소기 / 핸디+스틱형 / 무선형 / 흡입전용 / 소비전력: 100W / [성능] 흡입력: 120W / 흡입력: 8000Pa / [배터리] 충전시간: 5시간 / 사용시간(개당): 40분 / 리튬이온 / [필터] 헤파필터 / 3단계여과 / [기능] 셀프스탠딩 / LED라이트 / 배터리잔량표시 / 프리볼트 / [구성] 바닥 / 솔형 / 틈새 / 연장툴 / 거치대 / [부가] 색상: 레드,63710
대우어플라이언스 아쿠아젯 DEX-WC130,물걸레청소기 / 스틱형 / 회전식 / 무선형 / 충전시간: 5시간 / 사용시간(개당): 1시간 / 소비전력: 44W / [기능] 물분사 / 각도조절 / 셀프스탠딩 / [부가] 색상: 화이트 / 무게: 1.7kg / 크기(가로x세로): 160x1140mm,76630
굿웨이즈 앙칼 캣터치 핸디청소기,"차량용청소기 / 무선 / 흡입력: 14,000~Pa / 2중필터 / 헤파필터 / 추가노즐: 틈새, 솔브러쉬, 연장호스 / LED라이트 / 사용시간: 28분 / 충전방식: USB C타입 / 크기: 420x72mm / 무게: 600g",63000
훠링 미니 무선 청소기,"차량용청소기 / 무선 / 흡입력: 5,500Pa / 최대출력: 74W / 헤파필터 / 추가노즐: 틈새, 솔브러쉬 / 사용시간: 16분 / 충전시간: 2시간 / 충전방식: USB C타입 / 크기: 73x73x300mm / 무게: 580g",53990
샤오미 LYDSTO 차량용 무선 청소기 H2 (해외구매),"차량용청소기 / 무선 / 흡입력: 16,000Pa / 최대출력: 120W / 헤파필터 / 추가노즐: 틈새, 솔브러쉬 / 사용시간: 32분 / 소음: 85dB 미만 / 충전방식: USB C타입 / 색상: 블랙, 화이트 / 크기: 56x265mm",34900
아이룸 F1,핸디/스틱청소기 / 핸디+스틱형 / 무선형 / 흡입전용 / 소비전력: 120W / [성능] 흡입력: 13000Pa / 싸이클론 / BLDC모터 / [배터리] 충전시간: 2시간30분 / 사용시간(개당): 25분 / 리튬이온 / [필터] 헤파필터 / 3단계여과 / [구성] 바닥 / 솔형 / 틈새 / 패브릭 / 거치대 / [부가] 색상: 화이트 / 무게: 0.6kg,71500
애니스 JB2000,"물걸레청소기 / 스틱형 / 회전식 / 무선형 / 배터리: 리튬이온 / 충전시간: 3시간 / 사용시간(개당): 30분 / 소비전력: 70W / [기능] 각도조절 / [부가] 색상: 블랙, 화이트 / 무게: 3.14kg / 크기(가로x세로x깊이): 411x1105x192mm",121440
블랙앤데커 PV1020,"핸디/스틱청소기 / 핸디형 / 무선형 / [성능] 싸이클론 / [배터리] 충전시간: 4시간 / 사용시간(개당): 11분 / 리튬이온 / [구성] 솔형 / 틈새 / 거치대 / [부가] 색상: 블루, 오렌지 / 무게: 1.28kg / 피벗노즐 / 크기(가로x세로x깊이): 270x170x140mm",69960
OPOLAR 자동차 USB 무선 청소기 TAD05 (해외구매),"차량용청소기 / 무선 / 흡입력: 8,000Pa / 최대출력: 75W / 추가노즐: 솔브러쉬 / 사용시간: 30분 / 소음: 70dB / 크기: 65x84x223.5mm / 무게: 378g",62050
삼성전자 제트 VS15A6031N5AA,핸디/스틱청소기 / 핸디+스틱형 / 무선형 / 흡입전용 / [성능] 흡입력: 150AW / 제트싸이클론 / [배터리] 사용시간(개당): 40분 / 분리형 (1개) / [필터] 5단계여과 / [기능] 디스플레이표시창 / 크기(가로x세로x깊이): 250x1120x200mm,273810
루베크 CM-268,핸디/스틱청소기 / 핸디형 / 무선형 / 흡입전용 / 소비전력: 25W / [배터리] 충전시간: 10시간 / 사용시간(개당): 8분 / [구성] 솔형 / 틈새 / 거치대 / [부가] 색상: 레드 / 건습식 / 크기(가로x세로x깊이): 110x120x390mm,23900
마끼다 DCL182ZW,핸디/스틱청소기 / 핸디+스틱형 / 무선형 / [성능] 흡입력: 5400Pa / [배터리] 충전시간: 22분 / 사용시간(개당): 40분 / 분리형 (1개) / 리튬이온 / [기능] 배터리잔량표시 / [부가] 먼지통용량: 0.5L / 색상: 화이트 / 무게: 1.3kg / 스위블헤드 / 크기(가로x세로x깊이): 151x1004x151mm,33910
플러스마이너스제로 F021,핸디/스틱청소기 / 핸디+스틱형 / 무선형 / 흡입전용 / [성능] BLDC모터 / [배터리] 충전시간: 5시간 / 사용시간(개당): 57분 / 리튬이온 / [구성] 바닥 / 침구 / 틈새 / 연장툴 / 거치대 / [부가] 색상: 클리어화이트 / 무게: 1kg / 크기(가로x세로x깊이): 114x421x139mm,279750
캐치웰 CX11,핸디/스틱청소기 / 핸디+스틱형 / 무선형 / 흡입전용 / 소비전력: 230W / [성능] 흡입력: 20000Pa / 싸이클론 / BLDC모터 / [배터리] 충전시간: 4~6시간 / 사용시간(개당): 60분 / 분리형 (1개) / 리튬이온 / [필터] 헤파필터 / H13급 / 5단계여과 / [기능] LED라이트 / [구성] 바닥 / 침구 / 솔형 / 틈새 / 연장툴 / 거치대 / [부가] 색상: 화이트 / 무게: 2.32kg,189000
다이슨 V10 앱솔루트,"핸디/스틱청소기 / 핸디+스틱형 / 무선형 / 흡입전용 / 소비전력: 525W / [성능] 싸이클론 / [배터리] 충전시간: 3시간30분 / 사용시간(개당): 1시간 / 리튬이온 / [기능] 프리볼트 / [구성] 소프트롤러 / 다이렉트드라이브 / 미니모터 / 솔형 / 더스팅 / 틈새 / 도킹스테이션 / [부가] 색상: 블루, 코퍼, 블랙 / 무게: 2.5kg / 크기(가로x세로x깊이): 250x1241x256mm",678420
샤오미 디어마 VC01,핸디/스틱청소기 / 스틱형 / 무선형 / 흡입전용 / 소비전력: 125W / [성능] 흡입력: 10000Pa / 사용시간(개당): 30분 / [필터] 헤파필터 / H13급 / [기능] 배터리잔량표시 / [구성] 바닥 / 솔형 / 틈새 / 거치대 / [부가] 먼지통용량: 0.6L / 색상: 화이트 / 무게: 1.6kg / 크기(가로x세로x깊이): 210x1155x180mm,54900
코코민트 트윈파워 OP-030,핸디/스틱청소기 / 핸디+스틱형 / 무선형 / 흡입전용 / [성능] 흡입력: 200W / 흡입력: 23000Pa / BLDC모터 / [배터리] 충전시간: 4시간 / 사용시간(개당): 40분 / 분리형 (1개) / [필터] 헤파필터 / 4단계여과 / [기능] LED라이트 / 배터리잔량표시 / [구성] 바닥 / 솔형 / 틈새 / 거치대 / [부가] 무게: 1kg / 크기(가로x세로x깊이): 200x1150x120mm,158990
파나소닉 MC-A10,"핸디/스틱청소기 / 핸디+스틱형 / 무선형 / 흡입+걸레겸용 / 소비전력: 350W / [성능] 흡입력: 22000Pa / [배터리] 충전시간: 5시간 / 사용시간(개당): 40분 / 내장형 / 리튬이온 / [기능] 배터리잔량표시 / [구성] 바닥 / 침구 / 틈새 / [부가] 먼지통용량: 0.3L / 색상: 라이트그레이, 라이트그린 / 무게: 1.3kg / 크기(가로x세로x깊이): 439x157x93mm",217550
유니맥스 UVC-1694B,핸디/스틱청소기 / 핸디+스틱형 / 무선형 / 흡입전용 / 소비전력: 600W / [성능] [구성] 바닥 / 솔형 / 틈새 / [부가] 색상: 블루 / 무게: 2.1kg,29880
신일전자 SVC-D900RK,핸디/스틱청소기 / 핸디형 / 무선형 / 흡입전용 / 소비전력: 40W / [배터리] 충전시간: 6시간30분 / 사용시간(개당): 15분 / [기능] 프리볼트 / [구성] 틈새 / [부가] 먼지통용량: 0.4L / 물통용량: 0.1L / 색상: 화이트 / 무게: 1kg / 건습식 / 크기(가로x세로x깊이): 137x405x144mm,31010
경성오토비스 KAC-7100,물걸레청소기 / 스틱형 / 왕복식 / 무선형 / 배터리: 리튬이온 / 충전시간: 3시간 / 사용시간(개당): 1시간20분 / 소비전력: 30W / [기능] 각도조절 / 풋터치버튼 / [부가] 색상: 네이비 / 무게: 3.1kg / 패드: 극세사(벨크로형)  / 크기(가로x세로x깊이): 270x1180x270mm,128060
DIBEA D18 플러스,핸디/스틱청소기 / 핸디+스틱형 / 무선형 / 소비전력: 120W / [성능] 흡입력: 9000Pa / 싸이클론 / [배터리] 충전시간: 4~5시간 / 사용시간(개당): 45분 / 리튬이온 / [필터] 헤파필터 / H13급 / 3단계여과 / [기능] LED라이트 / 배터리잔량표시 / [구성] 바닥 / 솔형 / 틈새 / 연장툴 / [부가] 먼지통용량: 0.55L / 무게: 2.2kg / 크기(가로x세로x깊이): 240x1040x211mm,86620
삼성전자 비스포크 제트 VS20A957G2,핸디/스틱청소기 / 핸디+스틱형 / 무선형 / 흡입+걸레겸용 / [성능] 흡입력: 210W / 제트싸이클론 / 디지털인버터모터 / [배터리] 충전시간: 3시간30분 / 사용시간(개당): 1시간 / 분리형 (2개) / 리튬이온 / [필터] 5단계여과 / [기능] 자동물공급 / 디스플레이표시창 / 배터리잔량표시 / 자동먼지비움 / [구성] 바닥 / 물걸레 / 침구 / 펫 / 솔형 / 틈새 / 청정스테이션 / [부가] 먼지통용량: 0.5L / 색상: 미드나잇블루 / 무게: 2.5kg / 액세서리크래들  / 크기(가로x세로x깊이): 250x930x202mm,857790
삼성전자 비스포크 제트 VS20A956E3,핸디/스틱청소기 / 핸디+스틱형 / 무선형 / 흡입+걸레겸용 / [성능] 흡입력: 210W / 제트싸이클론 / 디지털인버터모터 / [배터리] 충전시간: 3시간30분 / 사용시간(개당): 1시간 / 분리형 (1개) / 리튬이온 / [필터] 5단계여과 / [기능] 자동물공급 / 디스플레이표시창 / 배터리잔량표시 / 자동먼지비움 / [구성] 바닥 / 물걸레 / 침구 / 솔형 / 틈새 / 연장툴 / 청정스테이션 / [부가] 먼지통용량: 0.5L / 물통용량: 0.15L / 색상: 미드나잇블루 / 무게: 2.5kg / 액세서리크래들  / 크기(가로x세로x깊이): 250x930x202mm,767910
아이리스 IC-SLDC1,핸디/스틱청소기 / 핸디+스틱형 / 무선형 / [배터리] 충전시간: 3시간 / 리튬이온 / [기능] 먼지감지센서 / [구성] 바닥 / 침구 / [부가] 무게: 1.3kg / 크기(가로x세로x깊이): 218x951x162mm,74151
코칸 차량용 무선 진공 핸디 청소기 CHC-VY01,"차량용선풍기 / 무선 / 흡입력: 5,800Pa / 헤파필터 / 추가노즐: 솔브러쉬 / 크기: 70x290mm / 무게: 560g",48500
삼에스 ALWAYS CLEAN 차량용 무선 청소기,"차량용청소기 / 무선 / 흡입력: 4,800Pa / 2중필터 / 헤파필터 / 추가노즐: 틈새, 솔브러쉬, 연장호스 / 사용시간: 20분 / 충전시간: 3시간 / 에어건기능 / 충전방식: USB C타입 / 색상: 블랙, 레드, 그레이 / 크기: 72x280mm",38720
테팔 에어포스 라이트 TY6545KL,핸디/스틱청소기 / 스틱형 / 무선형 / [성능] 싸이클론 / [배터리] 충전시간: 5시간 / 사용시간(개당): 30분 / 리튬이온 / [필터] 헤파필터 / [기능] 셀프스탠딩 / LED라이트 / 배터리잔량표시 / [부가] 색상: 블랙 / 무게: 2.31kg / 크기(가로x세로x깊이): 260x1092x220 mm,127700
베이스어스 C2 데스크 캡슐 청소기,"핸디/스틱청소기 / 핸디형 / 무선형 / 흡입전용 / 소비전력: 6W / [성능] 흡입력: 1000Pa / [배터리] 충전시간: 2시간30분 / 사용시간(개당): 20분 / 내장형 / 리튬이온 / [기능] 탁상용 / [부가] 색상: 핑크, 그린, 화이트, 블랙 / 크기(가로x세로x깊이): 60x110x60mm",16900
스위스밀리터리 아쿠아스피닝 SMA-D88,물걸레청소기 / 스틱형 / 물걸레전용 / 롤러식 / 무선형 / 충전시간: 2시간 / 사용시간(개당): 25분 / [기능] 물분사 / 각도조절 / 거치대 / 걸레자동세척 / [부가] 물통용량: 0.4L / 색상: 화이트 / 무게: 2.5kg / 크기(가로x세로x깊이): 304x1200x250mm,79900
kZKIYlmPYi,kZKIYlmPYi877067,877067
,,
일렉트로룩스 에르고라피도 파워프로 ZB3411,핸디/스틱청소기 / 핸디+스틱형 / 무선형 / 흡입전용 / [성능] 싸이클론 / [배터리] 충전시간: 4시간 / 사용시간(개당): 48분 / 내장형 / 리튬이온 / [필터] 헤파필터 / 4단계여과 / [기능] 셀프스탠딩 / 배터리잔량표시 / [구성] 바닥 / 틈새 / 거치대 / [부가] 먼지통용량: 0.42L / 색상: 타이탄블루 / 무게: 3kg / 크기(가로x세로x깊이): 303x690x162mm,170170
디엠셀파 아크롤 윈드액션 휴대용 무선 에어건 PGA-01,차량용청소기 / 무선 / 최대출력: 60W / LED라이트 / 사용시간: 최대 60분 / 충전시간: 7시간 / 충전방식: USB C타입 / 크기: 189x79x131mm / 무게: 475g,69000
신일전자 SVC-P5000HP,핸디/스틱청소기 / 핸디형 / 무선형 / 흡입전용 / 소비전력: 60W / [배터리] 충전시간: 8시간 / 사용시간(개당): 10분 / [구성] 바닥 / 틈새 / 연장툴 / 거치대 / [부가] 색상: 블랙 / 무게: 1.4kg / 크기(가로x세로x깊이): 200x420x138mm,39110
툴앤툴 네오스틱 T1,핸디/스틱청소기 / 핸디+스틱형 / 무선형 / 소비전력: 140W / [성능] 싸이클론 / [배터리] 충전시간: 4시간 / 사용시간(개당): 30분 / 분리형 (1개) / 리튬이온 / [필터] 헤파필터 / H13급 / [기능] LED라이트 / 프리볼트 / [구성] 바닥 / 솔형 / 거치대 / [부가] 무게: 2.35kg / 크기(가로x세로x깊이): 250x1210x220mm,109000
로얄민스터 S10 2세대,핸디/스틱청소기 / 핸디+스틱형 / 무선형 / 흡입전용 / 소비전력: 150W / [성능] 흡입력: 11000Pa / 싸이클론 / [배터리] 충전시간: 4시간 / 사용시간(개당): 40분 / 분리형 (1개) / 리튬이온 / [필터] 헤파필터 / 4단계여과 / [기능] LED라이트 / [구성] 바닥 / 솔형 / 틈새 / 연장툴 / 거치대 / [부가] 먼지통용량: 0.5L / 색상: 실버 / 무게: 2kg,133700
,,
비브르 스톰파워 V31000,핸디/스틱청소기 / 핸디+스틱형 / 무선형 / 흡입+걸레겸용 / 소비전력: 350W / [성능] 흡입력: 31000Pa / 싸이클론 / BLDC모터 / [배터리] 충전시간: 5시간 / 분리형 (1개) / 리튬이온 / [필터] 헤파필터 / H13급 / 4단계여과 / [기능] 먼지감지센서 / 디스플레이표시창 / LED라이트 / [구성] 바닥 / 카펫 / 물걸레 / 침구 / 틈새 / 연장툴 / [부가] 먼지통용량: 0.8L / 무게: 1.5kg / 크기(가로x세로): 270x1100mm,235000
삼성전자 파워스틱 VS03R6523J2,핸디/스틱청소기 / 핸디+스틱형 / 무선형 / 소비전력: 170W / [배터리] 분리형 (1개) / 리튬이온 / [필터] 헤파필터 / [기능] 셀프스탠딩 / 프리볼트 / [구성] 바닥 / 틈새 / 연장툴 / [부가] 먼지통용량: 0.25L / 색상: 메탈블랙 / 무게: 2.8kg / 크기(가로x세로x깊이): 250x1130x225mm,279150
무궁화전자 바로바로 MC-B100,핸디/스틱청소기 / 핸디형 / 무선형 / [성능] 흡입력: 15W / [배터리] 니켈카드뮴 / [구성] 틈새 / 거치대 / [부가] 색상: 레드 / 무게: 1kg / 크기(가로x세로x깊이): 400x115x110mm,24410
ON-E 더 착한 무선 미니 청소기,"차량용청소기 / 무선 / 흡입력: 6,500Pa / 헤파필터 / 추가노즐: 틈새, 솔브러쉬 / 사용시간: 25분 / 충전시간: 2시간 / 충전방식: USB C타입 / 배터리용량: 2,500mAh / 크기: 340x88x77mm / 무게: 500g",36940
샤오미 로이드미 S2,핸디/스틱청소기 / 핸디+스틱형 / 무선형 / 흡입전용 / 소비전력: 435W / [성능] 흡입력: 130AW / 흡입력: 23500Pa / BLDC모터 / [배터리] 충전시간: 2시간30분 / 사용시간(개당): 1시간 / 리튬이온 / [필터] 헤파필터 / 5단계여과 / LED라이트 / 프리볼트 / [구성] 바닥 / 솔형 / 틈새 / 매트리스 / 연장툴 / 거치대 / [부가] 먼지통용량: 0.4L / 색상: 레드 / 무게: 1.5kg / 크기(가로x세로x깊이): 259x1191x158mm,267730
,,
신일전자 SVC-S4800SJ,핸디/스틱청소기 / 핸디형 / 무선형 / [성능] 흡입력: 60W / 싸이클론 / [배터리] 충전시간: 8시간 / 사용시간(개당): 9분 / [구성] 바닥 / 틈새 / 연장툴 / 거치대 / [부가] 색상: 블랙+레드 / 크기(가로x세로x깊이): 200x138x400mm,43300
삼성전자 비스포크 제트 VS20A957E2,핸디/스틱청소기 / 핸디+스틱형 / 무선형 / 흡입+걸레겸용 / [성능] 흡입력: 210W / 제트싸이클론 / 디지털인버터모터 / [배터리] 충전시간: 3시간30분 / 사용시간(개당): 1시간 / 분리형 (2개) / 리튬이온 / [필터] 5단계여과 / [기능] 자동물공급 / 디스플레이표시창 / 배터리잔량표시 / 자동먼지비움 / [구성] 바닥 / 물걸레 / 침구 / 솔형 / 틈새 / 청정스테이션 / [부가] 먼지통용량: 0.5L / 색상: 미스티화이트 / 무게: 2.5kg / 액세서리크래들  / 크기(가로x세로x깊이): 250x930x202mm,940350
나우홈 IONICA,물걸레청소기 / 스틱형 / 물걸레+진공 / 롤러식 / 무선형 / 배터리: 리튬이온 / 충전시간: ]4시간 / 사용시간(개당): 26분 / [기능] 셀프스탠딩 / 걸레자동세척 / [부가] 물통용량: 0.63L / 이온화 / 살균 / 크기(가로x세로x깊이): 300x1085x265mm,272090
일럭스고 SVC-1019L,"핸디/스틱청소기 / 핸디+스틱형 / 무선형 / 흡입전용 / 소비전력: 80W / [성능] 흡입력: 4500Pa / 싸이클론 / [배터리] 충전시간: 2시간30분 / 사용시간(개당): 20분 / 리튬이온 / [필터] 헤파필터 / 5단계여과 / [구성] 바닥 / 침구 / 틈새 / 연장툴 / 거치대 / [부가] 색상: 블랙, 화이트 / 무게: 0.8kg",68080
삼성전자 파워스틱 VS60M6010KG,핸디/스틱청소기 / 핸디+스틱형 / 무선형 / 소비전력: 120W / [배터리] 충전시간: 5시간 / 사용시간(개당): 40분 / 리튬이온 / [기능] 셀프스탠딩 / [구성] 솔형 / [부가] 색상: 내추럴그레이 / 무게: 2.7kg / 크기(가로x세로x깊이): 260x1100x165mm,388000
LG전자 오브제컬렉션 코드제로 ThinQ A9S AS9201WC,핸디/스틱청소기 / 핸디+스틱형 / 무선형 / 흡입+걸레겸용 / [성능] 흡입력: 210W / 2중터보싸이클론 / 인버터모터 / [배터리] 충전시간: 4시간 / 사용시간(개당): 1시간 / 분리형 (1개) / 리튬이온 / [필터] 분리형배기필터 / 헤파필터 / H13급 / 5단계여과 / [기능] 자동물공급 / 디스플레이표시창 / 배터리잔량표시 / IoT기능 / [구성] 바닥 / 솔형 / 틈새 / 거치대 / [부가] 색상: 카밍베이지 / 크기(가로x세로x깊이): 250x1120x260mm,695770
쿠팡 홈플래닛 858B-DC,핸디/스틱청소기 / 핸디+스틱형 / 무선형 / 흡입전용 / [성능] 흡입력: 7000Pa / 싸이클론 / [배터리] 사용시간(개당): 30분 / 내장형 / 2단계여과 / [기능] 배터리잔량표시 / [구성] 바닥 / 솔형 / 틈새 / 연장툴 / [부가] 색상: 화이트 / 무게: 1.15kg / 크기(가로x세로x깊이): 220x1200x90mm,42900
테팔 에어포스360 라이트 이센셜 TY5530,핸디/스틱청소기 / 핸디+스틱형 / 무선형 / 흡입전용 / [성능] BLDC모터 / [배터리] 충전시간: 4시간30분 / 사용시간(개당): 33분 / 분리형 (1개) / [필터] 6단계여과 / [기능] 배터리잔량표시 / 바닥 / 솔형 / 틈새 / 패브릭 / 거치대 / [부가] 먼지통용량: 0.5L / 무게: 2.6kg,852410
벨퍼포먼스 무선 핸디 미니 차량용 청소기 D2,"차량용청소기 / 무선 / 흡입력: 5,000Pa / 추가노즐: 틈새, 솔브러쉬, 연장호스 / 사용시간: 15분 / 충전시간: 2시간30분 / 크기: 300x70mm / 무게: 550g",48420
머레이 충전식 무선 핸디형 청소기 HK-8030,"차량용청소기 / 무선 / 흡입력: 6,000Pa / 최대출력: 120W / 헤파필터 / 추가노즐: 틈새, 솔브러쉬 / 사용시간: 20분 / 충전시간: 3시간 / 크기: 65x370mm / 무게: 400g",22400
DIBEA NEW X10 플러스,핸디/스틱청소기 / 핸디+스틱형 / 무선형 / 소비전력: 250W / [성능] 흡입력: 19000Pa / 싸이클론 / [배터리] 충전시간: 4~5시간 / 사용시간(개당): 30분 / 리튬이온 / [필터] 4단계여과 / [구성] 바닥 / 솔형 / 틈새 / 연장툴 / 거치대 / [부가] 먼지통용량: 0.55L / 색상: 블루 / 무게: 2.3kg / 크기(가로x세로x깊이): 240x1040x212mm,129000
오토싱 OTC-700BA,"물걸레청소기 / 스틱형 / 회전식 / 무선형 / 사용시간(개당): 50분 / 소비전력: 80W / [기능] LED라이트 / 각도조절 / 셀프스탠딩 / [부가] 색상: 화이트, 와인 / 무게: 3.2kg / 패드: 극세사(벨크로형) / 크기(가로x세로x깊이): 420x1230x230mm",118710
샤오미 레드키 W12,"물걸레청소기 / 스틱형 / 물걸레+진공 / 롤러식 / 무선형 / 사용시간(개당): 45분 / [기능] 배터리잔량표시 / 거치대 / 걸레자동세척 / [부가] 물통용량: 0.52L, 오수통: 0.46L / 무게: 3.8kg / 크기(가로x세로x깊이): 325x700x310mm",259000
레이캅 RHC-500,핸디/스틱청소기 / 핸디+스틱형 / 무선형 / 흡입전용 / 소비전력: 100W / [배터리] 충전시간: 3시간 / 사용시간(개당): 30분 / 분리형 (1개) / 리튬이온 / [기능] 프리볼트 / [구성] 바닥 / 침구 / 틈새 / 매트리스 / 연장툴 / [부가] 색상: 화이트 / 무게: 1.6kg / 먼지센서 / 크기(가로x세로x깊이): 210.8x1039.5x207.4mm,98990
테팔 에어포스360 TY9079,"핸디/스틱청소기 / 핸디+스틱형 / 무선형 / [성능] 싸이클론포스 / [배터리] 충전시간: 3시간 / 사용시간(개당): 20분 / 리튬이온 / [기능] LED라이트 / 배터리잔량표시 / [구성] 거치대 / [부가] 무게: 2.8kg / 브러쉬: 미니모터, 틈새, 솔, 소파 / 크기(가로x세로x깊이): 250x1145x260mm",359000
지웰 벤투스 아쿠아,"물걸레청소기 / 스틱형 / 물걸레+진공 / 롤러식 / 무선형 / 배터리: 리튬이온 / 충전시간: 4~5시간 / 사용시간(개당): 30분 / [부가] 색상: 화이트+블루, 네이비 / 무게: 3kg / 브러쉬: 바닥, 물걸레",159200
비셀 크로스웨이브 3.0 맥스 2765S,물걸레청소기+스팀청소기 / 스틱형 / 물걸레+진공 / 롤러식 / 무선형 / 배터리: 리튬이온 / 충전시간: 4시간 / 사용시간(개당): 30분 / 소비전력: 150W / [기능] 물분사 / 각도조절 / 배터리잔량표시 / 거치대 / 걸레자동세척 / 프리볼트 / [부가] 물통용량: 0.83L / 색상: 화이트+블루 / 무게: 5.2kg / 오토클리닝 / 크기(가로x세로x깊이): 260x1156x250mm,765140
정인일렉텍 큐브온 차량용 핸디형 무선 에어건 A3,"차량용청소기 / 무선 / 최대출력: 60W / 추가노즐: 틈새, 솔브러쉬 / 사용시간: 30분 / 색상: 블랙, 화이트 / 소음: 85dB / 배터리용량: 6,000mAh / 충전시간: 2시간30분 / 충전방식: USB C타입 / 크기: 58x96x170mm / 무게: 362g",51980
다이슨 V7 플러피,핸디/스틱청소기 / 핸디+스틱형 / 무선형 / 흡입전용 / 소비전력: 350W / [성능] 흡입력: 100AW / 싸이클론 / [배터리] 충전시간: 3시간30분 / 사용시간(개당): 30분 / 리튬이온 / [구성] 소프트롤러 / 미니모터 / 솔형 / 더스팅 / 틈새 / 도킹스테이션 / [부가] 무게: 2.32kg / 크기(가로x세로x깊이): 250x1243x210mm,355410
유행코리아 더쎈 차량용 무선 청소기 V3,"차량용청소기 / 무선 / 12V / 흡입력: 13,000Pa / 최대출력: 120W / 헤파필터 / 추가노즐: 틈새, 솔브러쉬, 연장호스 / LED라이트 / 사용시간: 20분",97990
유니맥스 UVC-1686A,핸디/스틱청소기 / 핸디+스틱형 / 유선형 / 소비전력: 600W / [성능] 싸이클론 / [필터] 헤파필터 / [구성] 바닥 / 솔형 / 틈새 / 연장툴 / 거치대 / [부가] 색상: 블루 / 크기(가로x세로x깊이): 270x1220x270mm,31080
보겔 GNV-C1,핸디/스틱청소기 / 핸디+스틱형 / 무선형 / [성능] 싸이클론 / [배터리] 충전시간: 5시간 / 사용시간(개당): 40분 / 내장형 / 리튬이온 / [필터] 3단계여과 / [기능] LED라이트 / 배터리잔량표시 / [부가] 먼지통용량: 0.7L / 크기(가로x세로x깊이): 368x1190x283mm,114990
블랙앤데커 EBHHV320B02,핸디/스틱청소기 / 핸디형 / 무선형 / 흡입전용 / [성능] 흡입력: 26AW / [배터리] 충전시간: 5시간 / 사용시간(개당): 18분 / 내장형 / 리튬이온 / [필터] 2단계여과 / [기능] 배터리잔량표시 / 프리볼트 / [구성] 틈새 / 거치대 / [부가] 먼지통용량: 0.7L / 색상: 블루 / 무게: 1kg,65000
한빛시스템 HV-5088,핸디/스틱청소기 / 핸디+스틱형 / 무선형 / 흡입전용 / [성능] 싸이클론 / [배터리] 사용시간(개당): 40분 / 리튬이온 / [필터] 헤파필터 / [기능] LED라이트 / 프리볼트 / [구성] 바닥 / 솔형 / 틈새 / [부가] 색상: 레드 / 무게: 2.3kg / 크기(가로x세로x깊이): 160x1160x270mm,78610
마미봇 클로모,물걸레청소기 / 스틱형 / 물걸레+진공 / 롤러식 / 무선형 / 배터리: 리튬이온 / 사용시간(개당): 30분 / BLDC모터 / 흡입력: 5000Pa / 흡입력: 150W / [기능] 물분사 / 배터리잔량표시 / 거치대 / 걸레자동세척 / 헤파필터 / [부가] 색상: 블랙 / 무게: 4.3kg / 음성안내 / UV살균 / 크기(가로x세로x깊이): 200x1150x260mm,220000
다이슨 V6 헤파,핸디/스틱청소기 / 핸디+스틱형 / 무선형 / 흡입전용 / 소비전력: 350W / [성능] 흡입력: 100AW / 싸이클론 / [배터리] 충전시간: 3시간30분 / 사용시간(개당): 20분 / 리튬이온 / [구성] 카본파이버 / 솔형 / 틈새 / 도킹스테이션 / [부가] 먼지통용량: 0.54L / 무게: 2.1kg / 크기(가로x세로x깊이): 208x1184x211mm,998950
SEjUNztdVf,SEjUNztdVf898510,898510
솔리스 AIR651V,"핸디/스틱청소기 / 핸디+스틱형 / 무선형 / 흡입전용 / 소비전력: 90W / [성능] 싸이클론 / DC모터 / [배터리] 충전시간: 5시간 / 사용시간(개당): 15분 / [기능] LED라이트 / [구성] 바닥 / 틈새 / 연장툴 / 거치대 / [부가] 색상: 화이트, 블랙 / 무게: 0.8kg / 크기(가로x세로x깊이): 90x430x75mm",59000
DIBEA M500 퀀텀,핸디/스틱청소기 / 핸디+스틱형 / 무선형 / 흡입+걸레겸용 / 소비전력: 400W / [성능] 흡입력: 25000Pa / BLDC모터 / [배터리] 충전시간: 3시간 / 사용시간(개당): 50분 / 분리형 (1개) / 리튬이온 / [기능] LED라이트 / [구성] 바닥 / 물걸레 / 솔형 / 틈새 / 연장툴 / 거치대 / [부가] 먼지통용량: 0.5L / 색상: 블랙 / 무게: 2.5kg / 크기(가로x세로x깊이): 256x1172x217mm,189000
LG전자 코드제로 ThinQ A9S AT9300IA,핸디/스틱청소기 / 핸디+스틱형 / 무선형 / 흡입+걸레겸용 / 소비전력: 590W / [성능] 흡입력: 200W / 2중터보싸이클론 / 스마트인버터모터 / [배터리] 충전시간: 4시간 / 사용시간(개당): 1시간 / 분리형 (1개) / 리튬이온 / [필터] 분리형배기필터 / 헤파필터 / H13급 / 5단계여과 / [기능] 자동물공급 / 배터리잔량표시 / IoT기능 / 자동먼지비움 / [구성] 바닥 / 침구 / 솔형 / 틈새 / 올인원타워 / [부가] 색상: 아이언그레이+딥그레이 / 무게: 2.6kg / 크기(가로x세로x깊이): 250x1120x260mm,838260
캐치웰 NEW F8,핸디/스틱청소기 / 핸디+스틱형 / 무선형 / 흡입+걸레겸용 / 소비전력: 400W / [성능] 흡입력: 29000Pa / 싸이클론 / BLDC모터 / [배터리] 충전시간: 5시간 / 사용시간(개당): 25분 / 분리형 (1개) / [필터] 헤파필터 / H13급 / 4단계여과 / [기능] LED라이트 / 배터리잔량표시 / 프리볼트 / [구성] 바닥 / 물걸레 / 침구 / 틈새 / 거치대 / [부가] 먼지통용량: 0.5L / 색상: 화이트 / 무게: 2.11kg,199000
,,
AIPINYUE 차량용 가정용 무선 청소기 (해외구매),"차량용청소기 / 유무선 / 흡입력: 6,000Pa / 최대출력: 120W / 헤파필터 / 추가노즐: 틈새, 솔브러쉬 / 사용시간: 25분 / 코드길이: 3m / 충전방식: USB, 어댑터 / 충전시간: 3시간 / 색상: 블랙, 화이트 / 크기: 370x65mm",12890
한빛시스템 HV-5099,핸디/스틱청소기 / 핸디+스틱형 / 무선형 / 흡입전용 / [성능] 싸이클론 / [배터리] 사용시간(개당): 40분 / 리튬이온 / [필터] 헤파필터 / [기능] LED라이트 / [구성] 바닥 / 솔형 / 틈새 / [부가] 색상: 퍼플 / 무게: 2.3kg / 크기(가로x세로x깊이): 160x1160x270mm,75960
보아르 포스W,물걸레청소기 / 스틱형 / 물걸레+진공 / 롤러식 / 무선형 / 사용시간(개당): 35분 / 흡입력: 5500Pa / [기능] 물분사 / 셀프스탠딩 / 배터리잔량표시 / 거치대 / 걸레자동세척 / 헤파필터 / H13급 / 2단계여과 / [부가] 물통용량: 0.68L / 색상: 브라운 / 무게: 4.3kg / 디스플레이 / 브러쉬자동세척 / UV살균 / 음성안내 / 크기(가로x세로x깊이): 290x1150x250mm,247500
DIBEA D18E,핸디/스틱청소기 / 핸디+스틱형 / 무선형 / 흡입전용 / 소비전력: 150W / [성능] 흡입력: 12000Pa / 싸이클론 / [배터리] 충전시간: 5시간 / 사용시간(개당): 40분 / 리튬이온 / [필터] 4단계여과 / [기능] LED라이트 / [구성] 바닥 / 솔형 / 틈새 / 거치대 / [부가] 먼지통용량: 0.55L / 무게: 2.25kg / 크기(가로x세로x깊이): 240x1040x211mm,118990
어뉴 멀티 무선 에어건,"차량용청소기 / 무선 / 최대출력: 60W / 추가노즐: 틈새, 솔브러쉬 / LED라이트 / 사용시간: 60분 / 충전시간: 4시간 / 충전방식: USB C타입 / 배터리용량: 6,000mAh / 크기: 189x79x131mm / 무게: 475g",61440
,,
라우쉬 (RAUSCH) LSBC-6000,욕실청소기 / 핸디+스틱형 / 무선형 / 소비전력: 30W / [배터리] 충전시간: 4시간 / 사용시간(개당): 1시간40분 / [기능] 프리볼트 / [구성] 연장툴 / [부가] 색상: 화이트,49800
샤오미 드리미 T30,핸디/스틱청소기 / 핸디+스틱형 / 무선형 / 흡입+걸레겸용 / 소비전력: 550W / [성능] 흡입력: 190AW / 흡입력: 27000Pa / 싸이클론 / [배터리] 사용시간(개당): 1시간30분 / [필터] 헤파필터 / 5단계여과 / [기능] 먼지감지센서 / LED라이트 / 배터리잔량표시 / [구성] 바닥 / 솔형 / 틈새 / 연장툴 / 거치대 / [부가] 먼지통용량: 0.6L / 물통용량: 0.23L / 색상: 실버 / 무게: 1.76kg,426870
라이트컴 COMS 자동차 무선 진공 청소기 YC913,"차량용청소기 / 무선 / 흡입력: 3,500Pa / 최대출력: 100W / 헤파필터 / 추가노즐: 틈새, 솔브러쉬, 연장호스 / 사용시간: 20분 / 코드길이: 3m / 충전시간: 3시간이상 / 크기: 98x395mm / 무게: 480g",30010
테팔 에어포스360 라이트 TY5516KJ,핸디/스틱청소기 / 핸디+스틱형 / 무선형 / 흡입전용 / 소비전력: 200W / [성능] 싸이클론 / BLDC모터 / [배터리] 충전시간: 4시간30분 / 사용시간(개당): 33분 / 분리형 (2개) / 리튬이온 / [필터] 6단계여과 / [구성] 바닥 / 솔형 / 틈새 / 거치대 / [부가] 먼지통용량: 0.5L / 색상: 다크실버 / 무게: 1.41kg / 크기(가로x세로x깊이): 285x734x188mm,398990
DIBEA AUTO17000,핸디/스틱청소기 / 핸디+스틱형 / 무선형 / 흡입전용 / [성능] 흡입력: 17000Pa / BLDC모터 / [필터] 헤파필터 / [구성] 바닥 / [부가] 색상: 블랙 / 무게: 0.5kg,98000
,,
앱코 오엘라 차량용 무선청소기 3in1 CV01,"차량용청소기 / 무선 / 흡입력: 5,500Pa / 최대출력: 74W / 추가노즐: 틈새, 솔브러쉬 / LED라이트 / 사용시간: 20분 / 집진필터 / 배터리용량: 5,000mAH / 충전시간: 3.5시간 / 소음: 72dB / 보조배터리겸용",87120
다이슨 옴니 글라이드 컴플리트+,핸디/스틱청소기 / 핸디+스틱형 / 무선형 / 흡입전용 / [성능] 흡입력: 50AW / 싸이클론 / [배터리] 충전시간: 3시간30분 / 사용시간(개당): 20분 / 분리형 (1개) / 리튬이온 / [필터] 헤파필터 / 5단계여과 / [구성] 전방향플러피 / 미니모터 / 솔형 / 틈새 / 긴틈새 / 서페이스 / 연장툴 / 거치대 / 도킹스테이션 / [부가] 먼지통용량: 0.2L / 색상: 골드 / 무게: 1.9kg / 버튼식 / 크기(가로x세로x깊이): 208x1077x92mm,612820
보아르 포스 D14,핸디/스틱청소기 / 핸디+스틱형 / 무선형 / 흡입전용 / 충전시간: 5시간30분 / 사용시간(개당): 45분 / [필터] 헤파필터 / [기능] 셀프스탠딩 / LED라이트 / 배터리잔량표시 / [구성] 바닥 / 솔형 / 틈새 / 연장툴 / 거치대 / [부가] 먼지통용량: 0.5L / 색상: 화이트 / 무게: 1.3kg,98000
LG전자 코드제로 A9 A9200I,핸디/스틱청소기 / 핸디+스틱형 / 무선형 / 흡입+걸레겸용 / 소비전력: 450W / [성능] 2중터보싸이클론 / 인버터모터 / [배터리] 충전시간: 3시간30분 / 사용시간(개당): 40분 / 분리형 (1개) / 리튬이온 / [필터] 헤파필터 / H13급 / 5단계여과 / [구성] 바닥 / 솔형 / 틈새 / 거치대 / [부가] 색상: 아이언그레이 / 크기(가로x세로x깊이): 250x1120x260mm,728400
샤오미 Shunzao L1,핸디/스틱청소기 / 핸디+스틱형 / 무선형 / 흡입전용 / 소비전력: 250W / [성능] 흡입력: 105AW / 흡입력: 20000Pa / 싸이클론 / BLDC모터 / [배터리] 사용시간(개당): 1시간 / 리튬이온 / [필터] 헤파필터 / 5단계여과 / [기능] 배터리잔량표시 / [구성] 바닥 / 침구 / 솔형 / 틈새 / [부가] 무게: 1.5kg / 크기(가로x세로x깊이): 346x246x95mm,133260
링크큐 오토팟 무선 핸디 청소기,"차량용청소기 / 무선 / 흡입력: 6,000Pa / 최대출력: 60W / 추가노즐: 틈새, 솔브러쉬 / 사용시간: 20분 / 충전시간: 3시간 / 충전방식: USB C타입 / 배터리용량: 2,000mAh / 크기: 340x88x77mm / 무게: 500g",30750
무선 고압세차기,업소용청소기 / 고압세척기 / 무선형 / 소비전력: 200W / [기능] 사용시간(개당): 40분 / 작동압력: 30bar / [부가] 색상: 블랙 / 크기(가로x세로): 350x200mm,69900
셀렉프로 차량용 핸디형 청소기 ATM-VCC-1,"차량용청소기 / 무선 / 흡입력: 5,200Pa / 최대출력: 80W / 2중필터 / 헤파필터 / 스테인리스 필터 / 추가노즐: 틈새, 솔브러쉬 / 사용시간: 23분 / 충전시간: 3시간 / 색상: 레드, 블랙 / 크기: 69.5mmx57.5mmx286mm / 무게: 485g",49500
일렉트로룩스 얼티밋홈 900 EFP91825,핸디/스틱청소기 / 핸디+스틱형 / 무선형 / 흡입+걸레겸용 / 소비전력: 400W / [성능] 싸이클론 / 인버터모터 / [배터리] 충전시간: 1시간38분 / 사용시간(개당): 1시간 / 분리형 (2개) / 리튬이온 / [필터] 5단계여과 / [기능] 디스플레이표시창 / LED라이트 / 배터리잔량표시 / [구성] 바닥 / 물걸레 / 침구 / 펫 / 솔형 / 더스팅 / 틈새 / 거치대 / [부가] 먼지통용량: 0.4L / 색상: 소프트샌드 / 무게: 2.88kg / 크기(가로x세로x깊이): 260x1120x260mm,696310
케이원글로벌모터스 트랜디 싹쓰리 차량용 무선 청소기,"차량용청소기 / 무선 / 흡입력: 4,800Pa / 최대출력: 60W / 추가노즐: 틈새, 솔브러쉬 / LED라이트 / 사용시간: 25분 / 소음: 80dB / 배터리용량: 2,600mAh / 충전시간: 2시간30분 / 크기: 300x73x73mm / 무게: 400g",28900
샤오미 로이드미 Z1,핸디/스틱청소기 / 핸디+스틱형 / 무선형 / 흡입+걸레겸용 / 소비전력: 335W / [성능] 흡입력: 110AW / 흡입력: 22000Pa / 싸이클론 / BLDC모터 / [배터리] 충전시간: 3시간 / 사용시간(개당): 1시간 / 내장형 / 리튬이온 / [필터] 헤파필터 / 7단계여과 / [기능] 프리볼트 / [구성] 바닥 / 솔형 / 틈새 / 매트리스 / 연장툴 / 거치대 / [부가] 먼지통용량: 0.65L / 색상: 화이트 / 무게: 2.7kg / 크기(가로x세로x깊이): 259x1191x221mm,221100
보만 충전식 무선 청소기 HV1115B,"차량용청소기 / 무선 / 흡입력: 5,500Pa / 최대출력: 45W / 2중필터 / 헤파필터 / 추가노즐: 틈새, 솔브러쉬 / 충전시간: 4시간 / 충전방식: USB C타입 / 배터리용량: 2,000mAh / 크기: 70x65x350mm / 무게: 531g",39480
다이슨 V8 앱솔루트,핸디/스틱청소기 / 핸디+스틱형 / 무선형 / 흡입전용 / 소비전력: 485W / [성능] 흡입력: 155AW / 싸이클론 / [배터리] 충전시간: 5시간 / 사용시간(개당): 40분 / 리튬이온 / [구성] 소프트롤러 / 다이렉트드라이브 / 미니모터 / 솔형 / 더스팅 / 스터번더트 / 틈새 / 매트리스 / 연장툴 / 도킹스테이션 / [부가] 무게: 2.58kg / 크기(가로x세로x깊이): 250x1244x224mm,630310
샤오미 SWDK-K11,핸디/스틱청소기 / 핸디+스틱형 / 무선형 / 흡입전용 / [성능] 흡입력: 16000Pa / [배터리] 사용시간(개당): 25분 / [필터] 헤파필터 / 2단계여과 / [구성] 바닥 / 침구 / 솔형,97980
신일전자 롤링스턴 SDC-3074BYNS,물걸레청소기 / 스틱형 / 물걸레전용 / 회전식 / 무선형 / 충전시간: 5시간 / 사용시간(개당): 1시간 / [기능] 물분사 / LED라이트 / 각도조절 / [부가] 물통용량: 0.12L / 무게: 2.2kg / 패드: 극세사(벨크로형) / 크기(가로x세로x깊이): 335x1160x200mm,69940
대웅모닝컴 DWVC-DC9180KP,핸디/스틱청소기 / 핸디+스틱형 / 무선형 / [성능] 싸이클론 / [배터리] 사용시간(개당): 40분 / [필터] 헤파필터 / [기능] LED라이트 / 프리볼트 / [구성] 바닥 / 솔형 / 틈새 / 연장툴 / [부가] 무게: 2.3kg / 크기(가로x세로x깊이): 130x1200x200mm,56480
엔퓨텍 퓨라이트ED,침구청소기 / 핸디형 / 무선형 / 충전시간: 2시간 / 사용시간(개당): 1시간30분 / [기능] 청소모드: UV살균 / 소비전력: 9W / [부가] 무게: 0.388kg / 크기(가로x세로x깊이): 80x530x60mm,141540
DIBEA 올인원25000,핸디/스틱청소기 / 핸디+스틱형 / 무선형 / 흡입+걸레겸용 / 소비전력: 400W / [성능] 흡입력: 25000Pa / 싸이클론 / BLDC모터 / [배터리] 충전시간: 2시간30분 / 사용시간(개당): 55분 / 분리형 (1개) / 리튬이온 / [필터] 4단계여과 / [기능] LED라이트 / [구성] 바닥 / 물걸레 / 침구 / 솔형 / 틈새 / 거치대 / [부가] 먼지통용량: 0.46L / 물통용량: 0.26L / 색상: 레드 / 무게: 1.5kg / 크기(가로x세로x깊이): 256x1172x217mm,162890
엠제이컴퍼니 쿠조 텀블러 무선 청소기 PRG-1901,"차량용청소기 / 무선 / 흡입력: 4,200Pa / 헤파필터 / 추가노즐: 틈새, 솔브러쉬 / 사용시간: 10분 / 충전시간: 2시간 / 충전방식: USB C타입 / 크기: 70x70x270mm / 무게: 780g",67800
동양 메이드조이 차량용 청소기 MV-W100,"차량용청소기 / 무선 / 흡입력: 4,700Pa / 최대출력: 45W / 추가노즐: 틈새, 솔브러쉬 / LED라이트 / 사용시간: 20분 / 크기: 150x147x55mm / 무게: 400g",24900
에이치앤오 핸디 청소기 PRO,"차량용청소기 / 무선 / 흡입력: 5,200Pa / 최대출력: 80W / 헤파필터 / 추가노즐: 틈새, 솔브러쉬 / 충전방식: USB C타입 / 크기: 235x65x65mm / 무게: 595g",39890
샤오미 COCLEAN 차량용 무선 청소기 가정용 충전기 220V,차량용청소기 / 어댑터 / 가정용 충전기,11590
좋은생활지웰 CD-808,물걸레청소기 / 스틱형 / 물걸레전용 / 롤러식 / 무선형 / 배터리: 리튬이온 / 충전시간: 3시간 / 사용시간(개당): 35분 / 소비전력: 70W / [기능] 물분사 / 걸레자동세척 / [부가] 물통용량: 0.5L / 색상: 블랙,116210
스위스밀리터리 에어슬림 SMA-BV2200,핸디/스틱청소기 / 핸디+스틱형 / 무선형 / [성능] 흡입력: 17000Pa / 싸이클론 / BLDC모터 / [배터리] 충전시간: 5시간 / 사용시간(개당): 30분 / 리튬이온 / [필터] 헤파필터 / 3단계여과 / [기능] LED라이트 / 배터리잔량표시 / [구성] 바닥 / 침구 / 틈새 / 연장툴 / 거치대 / [부가] 먼지통용량: 0.4L / 에어컴프레셔 / 크기(가로x세로x깊이): 80x1040x190mm,153700
메이드조이 차량용 청소기 MV-W200,"차량용청소기 / 무선 / 흡입력: 5,400Pa / 최대출력: 50W / 헤파필터 / 추가노즐: 틈새, 솔브러쉬 / 사용시간: 18분 / 충전시간: 3시간 / 대용량리튬이온배터리 / 크기: 275x72x71mm",34530
일렉트로룩스 라피도 리튬 ZB6214IGM,핸디/스틱청소기 / 핸디형 / 무선형 / 흡입전용 / [성능] 싸이클론 / [배터리] 충전시간: 4시간 / 사용시간(개당): 24분 / 내장형 / 리튬이온 / [필터] 3단계여과 / [구성] 거치대 / [부가] 먼지통용량: 0.5L / 색상: 아이언그레이메탈릭 / 무게: 1.14kg / 크기(가로x세로x깊이): 124x137x410mm,89100
삼성전자 비스포크 제트 VS20A957F3P,핸디/스틱청소기 / 핸디+스틱형 / 무선형 / 흡입+걸레겸용 / [성능] 흡입력: 210W / 제트싸이클론 / 디지털인버터모터 / [배터리] 충전시간: 3시간30분 / 사용시간(개당): 1시간 / 분리형 (2개) / 리튬이온 / [필터] 5단계여과 / [기능] 자동물공급 / 디스플레이표시창 / 배터리잔량표시 / 자동먼지비움 / [구성] 바닥 / 물걸레 / 펫 / 솔형 / 틈새 / 연장툴 / 청정스테이션 / [부가] 먼지통용량: 0.5L / 색상: 미드나잇블루 / 무게: 2.5kg / 액세서리크래들  / 크기(가로x세로x깊이): 250x930x202mm,821940
오로라 퀸나 차량용 무선 청소기 QNCV-8000G,차량용청소기 / 무선 / 흡입력: 6000Pa / 최대출력: 80W / 헤파필터 / 추가노즐: 틈새 / 사용시간: 15분 / 충전시간: 2시간 / 크기: 70x302mm / 무게: 867g,72590
제노브 차량용 무선 청소기 SQ800,"차량용청소기 / 무선 / 흡입력: 5,000Pa / 최대출력: 100W / 헤파필터 / 추가노즐: 틈새, 솔브러쉬 / 사용시간: 10~15분 / 충전방식: USB C타입 / 배터리용량: 4,000mAh / 크기: 264x72mm / 무게: 427g",39800
f4N7RzWHsA,f4N7RzWHsA617301,617301
샤오미 로이드미 F8E,핸디/스틱청소기 / 핸디+스틱형 / 무선형 / 흡입전용 / 소비전력: 300W / [성능] 흡입력: 17000Pa / 충전시간: 2시간30분 / 사용시간(개당): 40분 / [필터] 헤파필터 / [기능] 배터리잔량표시 / [구성] 바닥 / 솔형 / 틈새 / [부가] 색상: 화이트 / 무게: 2.4kg / 크기(가로x세로x깊이): 259x1191x158mm,137080
,,
쿠쿠전자 파워클론 CVC-B1010UG,핸디/스틱청소기 / 핸디+스틱형 / 무선형 / 흡입전용 / 소비전력: 320W / [성능] 싸이클론 / BLDC모터 / [배터리] 사용시간(개당): 33분 / 분리형 (1개) / [필터] 헤파필터 / H13급 / 4단계여과 / [기능] 배터리잔량표시 / [구성] 바닥 / 솔형 / 더스팅 / 틈새 / 연장툴 / 거치대 / [부가] 색상: 매트그레이 / 무게: 2.7kg / 크기(가로x세로x깊이): 260x1170x240mm,261540
프라임테크 브이레이,"다용도살균기 / 핸디형 / 무선형 / [기능] 청소모드: UV살균 / 리튬이온 / 색상: 화이트, 핑크, 스카이블루 / 무게: 0.505kg / 충전시간: 2시간10분 / 사용시간: 4시간 / 안전센서 / 타이머",140960
듀플렉스 DP-485VC,핸디/스틱청소기 / 핸디형 / 무선형 / 소비전력: 35W / [필터] 2단계여과 / [구성] 솔형 / 틈새 / [부가] 색상: 화이트+블루 / 무게: 1.5kg / 크기(가로x세로x깊이): 100x360x100mm,24980
비트로캔디 VC903MF,핸디/스틱청소기 / 핸디+스틱형 / 무선형 / 흡입전용 / 소비전력: 200W / [성능] 흡입력: 20000Pa / 싸이클론 / 인버터모터 / [배터리] 충전시간: 4시간30분 / 사용시간(개당): 50분 / 내장형 / 리튬이온 / [필터] 헤파필터 / [기능] 프리볼트 / [구성] 바닥 / 솔형 / 틈새 / 패브릭 / 연장툴 / 거치대 / [부가] 먼지통용량: 0.8L / 색상: 옐로우 / 무게: 1.4kg,1274000
신일전자 SVC-499WS,핸디/스틱청소기 / 핸디형 / 무선형 / 흡입전용 / [배터리] 충전시간: 8시간 / 사용시간(개당): 8~12분 / [구성] 바닥 / 틈새 / 연장툴 / 거치대 / [부가] 색상: 블랙 / 크기(가로x세로x깊이): 200x420x138mm,47560
,,
데일리룸 클린에어 DSG-HBWV-2200,핸디/스틱청소기 / 핸디+스틱형 / 무선형 / [성능] 흡입력: 21000Pa / 싸이클론 / BLDC모터 / [배터리] 사용시간(개당): 40분 / 분리형 (1개) / 리튬이온 / [필터] 헤파필터 / H13급 / 3단계여과 / [기능] LED라이트 / [구성] 바닥 / 솔형 / 틈새 / 거치대,472910
저스트원 SN-XR330V,"핸디/스틱청소기 / 핸디+스틱형 / 무선형 / 흡입전용 / 소비전력: 75W / [배터리] 사용시간(개당): 30분 / [필터] 헤파필터 / 2단계여과 / [기능] 셀프스탠딩 / 프리볼트 / [구성] 바닥 / 틈새 / 연장툴 / [부가] 무게: 1.3kg / 색상: 블랙, 화이트, 민트, 핑크 / 크기(가로x세로x깊이): 250x1160x130mm",56670
다이슨 V10 플러피,핸디/스틱청소기 / 핸디+스틱형 / 무선형 / 흡입전용 / 소비전력: 525W / [성능] 싸이클론 / [배터리] 충전시간: 3시간30분 / 사용시간(개당): 1시간 / 리튬이온 / [구성] 소프트롤러 / 미니모터 / 솔형 / 더스팅 / 틈새 / 도킹스테이션 / [부가] 무게: 2.5kg / 크기(가로x세로x깊이): 250x1241x256mm,640500
샤오미 드리미 V12 프로,핸디/스틱청소기 / 핸디+스틱형 / 무선형 / 흡입전용 / 소비전력: 550W / [성능] 흡입력: 185AW / 흡입력: 27000Pa / 싸이클론 / BLDC모터 / [배터리] 충전시간: 4시간 / 사용시간(개당): 1시간25분 / 내장형 / [필터] 5단계여과 / [기능] 디스플레이표시창 / LED라이트 / 배터리잔량표시 / [구성] 바닥 / 침구 / 솔형 / 더스팅 / 틈새 / 연장툴 / 거치대 / [부가] 먼지통용량: 0.5L / 색상: 블랙 / 무게: 1.64kg,394070
라우쉬 (RAUSCH) LSDS-7000,물걸레청소기 / 스틱형 / 회전식 / 무선형 / 충전시간: 4시간 / 사용시간(개당): 30분 / 소비전력: 30W / [기능] 물분사 / LED라이트 / 각도조절 / 셀프스탠딩 / [부가] 색상: 블랙 / 무게: 1.8kg / 크기(가로x세로x깊이): 335x1100x180mm,66220
,,
DIBEA A100,핸디/스틱청소기 / 핸디+스틱형 / 무선형 / 소비전력: 150W / [성능] 흡입력: 12000Pa / 싸이클론 / [배터리] 충전시간: 4~5시간 / 사용시간(개당): 35분 / 리튬이온 / [필터] 헤파필터 / 4단계여과 / [기능] LED라이트 / 프리볼트 / [구성] 바닥 / 솔형 / 틈새 / 연장툴 / 거치대 / [부가] 먼지통용량: 0.55L / 색상: 화이트 / 무게: 2.2kg / 크기(가로x세로x깊이): 240x1040x212mm,93000
DIBEA X30,핸디/스틱청소기 / 핸디+스틱형 / 무선형 / 흡입전용 / 소비전력: 400W / [성능] 흡입력: 25000Pa / 싸이클론 / BLDC모터 / [배터리] 충전시간: 2~3시간 / 사용시간(개당): 50분 / 분리형 (1개) / 리튬이온 / [필터] 헤파필터 / H13급 / [기능] LED라이트 / [구성] 바닥 / 솔형 / 틈새 / 연장툴 / 거치대 / [부가] 먼지통용량: 0.5L / 색상: 블루 / 무게: 2.5kg / 크기(가로x세로x깊이): 256x1172x217mm,239000
일렉트로룩스 퓨어 F9 PF91-5EBF,핸디/스틱청소기 / 스틱형 / 무선형 / 흡입전용 / [배터리] 충전시간: 6시간 / 사용시간(개당): 55분 / 내장형 / 리튬이온 / [필터] 5단계여과 / [기능] 먼지감지센서 / 셀프스탠딩 / LED라이트 / 배터리잔량표시 / [구성] 바닥 / 침구 / 더스팅 / 3in1 / 업탑어댑터 / 거치대 / [부가] 먼지통용량: 0.7L / 색상: 인디고블루 / 무게: 4.1kg / 플렉스리프트 / 크기(가로x세로x깊이): 215x1200x249mm,287360
오토모 AVC-OTOA6,핸디/스틱청소기 / 핸디+스틱형 / 무선형 / 흡입전용 / 소비전력: 200W / [성능] 흡입력: 20000Pa / BLDC모터 / [배터리] 충전시간: 5시간 / 사용시간(개당): 1시간 / 리튬이온 / [필터] 헤파필터 / H13급 / 4단계여과 / [기능] 셀프스탠딩 / LED라이트 / 배터리잔량표시 / [구성] 바닥 / 침구 / 솔형 / 틈새 / 거치대 / [부가] 색상: 그레이 / 무게: 2.32kg / 크기(가로x세로x깊이): 310x700x130mm,726790
파빗 전동청소솔 FB-B200G,"욕실청소기 / 핸디+스틱형 / 무선형 / [배터리] 충전시간: 3시간 / 사용시간(개당): 1시간20분 / 리튬이온 / [부가] 무게: 0.275kg / 브러쉬: 곡면, 틈새, 넓은평자, 스펀지, 밸크로+천, 수세미, 연장봉 / 크기(가로x세로x깊이): 30x200x90mm",32090
마이리빙 이지러빙 SNAPP-BC-01,"욕실청소기 / 핸디+스틱형 / 무선형 / [배터리] 충전시간: 3시간 / 사용시간(개당): 1시간40분 / 내장형 / 리튬이온 / [기능] 디스플레이표시창 / [부가]  브러쉬: 라운드, 평면, 틈새, 스펀지, 광택, 물걸레, 거치대",108950
신일전자 SVC-S21JA,핸디/스틱청소기 / 핸디+스틱형 / 무선형 / 소비전력: 85W / [배터리] 니켈수소 / [필터] 3단계여과 / [기능] 셀프스탠딩 / LED라이트 / [구성] 바닥 / 솔형 / 틈새 / 거치대 / [부가] 먼지통용량: 0.5L / 무게: 3.8kg / 크기(가로x세로x깊이): 285x1140x190mm,104560
시프이컴 핸디형 차량용 무선 청소기 DK-X112,"차량용청소기 / 무선 / 흡입력: 5200Pa / 추가노즐: 솔브러쉬, 연장호스 / 사용시간: 22분 / 크기: 277x72mm / 무게: 560g",57900
LG전자 코드제로 A9 A950,핸디/스틱청소기 / 핸디+스틱형 / 무선형 / 소비전력: 450W / [성능] 흡입력: 140W / 2중터보싸이클론 / 인버터모터 / [배터리] 충전시간: 3시간30분 / 사용시간(개당): 40분 / 분리형 (2개) / 리튬이온 / [필터] 헤파필터 / H13급 / 5단계여과 / [구성] 바닥 / 침구 / 솔형 / 틈새 / 거치대 / [부가] 색상: 판타지실버 / 무게: 2.7kg / 크기(가로x세로x깊이): 260x1120x270mm,933670
신일전자 SVC-599WS,핸디/스틱청소기 / 핸디+스틱형 / 무선형 / 흡입전용 / [성능] 싸이클론 / [배터리] 충전시간: 7시간 / 사용시간(개당): 10분 / 내장형 / [구성] 바닥 / 틈새 / [부가]  크기(가로x세로x깊이): 230x1100x130mm,57270
한샘 스톰건 V12 VC-R201,핸디/스틱청소기 / 핸디+스틱형 / 무선형 / [성능] 흡입력: 20000Pa / 싸이클론 / BLDC모터 / [배터리] 충전시간: 4~5시간 / 사용시간(개당): 35분 / 리튬이온 / [필터] 3단계여과 / [기능] LED라이트 / [구성] 바닥 / 침구 / 솔형 / 틈새 / 연장툴 / 거치대 / [부가] 먼지통용량: 0.6L / 색상: 블루 / 무게: 2.5kg / 크기(가로x세로x깊이): 210x1040x104mm,134070
휴스톰 무선 심플스핀 HS-1000,물걸레청소기 / 스틱형 / 물걸레전용 / 회전식 / 무선형 / 배터리: 리튬이온 / 충전시간: 4시간 / 사용시간(개당): 1시간 / [기능] 각도조절 / 프리볼트 / [부가] 색상: 블랙 / 무게: 1.6kg / 과충전방지 / 오토스토핑 / 패드: 극세사(벨크로형) / 크기(가로x세로x깊이): 290x1070x140mm,59740
DIBEA TSX-25000A,핸디/스틱청소기 / 핸디+스틱형 / 무선형 / 흡입전용 / 소비전력: 400W / [성능] 흡입력: 25000Pa / 싸이클론 / BLDC모터 / [배터리] 충전시간: 2시간 / 사용시간(개당): 45분 / 리튬이온 / [필터] 헤파필터 / H13급 / [기능] LED라이트 / [구성] 바닥 / 침구 / 솔형 / 틈새 / 연장툴 / 거치대 / [부가] 먼지통용량: 0.5L / 색상: 블랙 / 무게: 1.35kg / 크기(가로x세로x깊이): 256x1172x217xmm,181990
일렉트로룩스 얼티밋홈 900 EFP91814WH,핸디/스틱청소기 / 핸디+스틱형 / 무선형 / 흡입+걸레겸용 / 소비전력: 150W / [성능] 싸이클론 / 인버터모터 / [배터리] 충전시간: 1시간38분 / 사용시간(개당): 1시간 / 분리형 (2개) / 리튬이온 / [필터] 5단계여과 / [기능] 디스플레이표시창 / LED라이트 / 배터리잔량표시 / [구성] 바닥 / 침구 / 솔형 / 더스팅 / 틈새 / 거치대 / [부가] 먼지통용량: 0.4L / 색상: 쉘화이트 / 무게: 2.88kg / 크기(가로x세로x깊이): 260x1120x260mm,599900
리빙조이 차량용 무선청소기 H1 PLUS,"차량용청소기 / 무선 / 흡입력: 13,000Pa / 최대출력: 120W / 2중필터 / 헤파필터 / 스테인리스 필터 / 추가노즐: 틈새, 솔브러쉬 / 싸이클론 / 사용시간: 30분 / 충전시간: 4~5시간 / 색상: 블랙, 화이트 / 크기: 410x70mm / 무게: 550g",168990
DIBEA D19,핸디/스틱청소기 / 핸디+스틱형 / 무선형 / 흡입전용 / [성능] 흡입력: 12000Pa / [배터리] 충전시간: 5시간 / 사용시간(개당): 40분 / 리튬이온 / [필터] 4단계여과 / LED라이트 / 바닥 / 솔형 / 틈새 / 거치대 / [부가] 먼지통용량: 0.55L / 색상: 퍼플 / 무게: 2.2kg / 크기(가로x세로x깊이): 240x1040x212mm,70770
휴스톰 듀얼리튬 HS-12000W,물걸레청소기 / 스틱형 / 회전식 / 무선형 / 배터리: 리튬이온 (2개) / 충전시간: 2시간 30분 / 사용시간(개당): 30분 / [기능] LED라이트 / 가구손상방지 / 각도조절 / 셀프스탠딩 / 거치대 / 프리볼트 / [부가] 색상: 화이트 / 무게: 3.7kg / 모터과열방지 / 과충전방지 / 오토스토핑 / 패드: 극세사(벨크로형) / 크기(가로x세로x깊이): 410x1020x205mm,277430
웍스 WG630E,"업소용청소기 / 고압세척기 / 무선형 / [기능] BLDC모터 / 충전시간: 1시간15분 / 사용시간(개당): 24분 / 작동압력: 25bar / 연장관 / [부가] 색상: 오렌지 / 무게: 2.5kg / 배터리잔량표시 / 브러쉬: 회오리노즐, 하부세척커넥터, 호스 / 크기(가로x세로x깊이): 92x12x22mm",100540
모온 오비큠 플러스,핸디/스틱청소기 / 핸디+스틱형 / 무선형 / 흡입전용 / 소비전력: 90W / [성능] BLDC모터 / [배터리] 충전시간: 4시간 / 사용시간(개당): 1시간20분 / 분리형 (1개) / 리튬이온 / [필터] 헤파필터 / H13급 / 2단계여과 / [기능] 배터리잔량표시 / [구성] 바닥 / 솔형 / 틈새 / 연장툴 / 거치대 / [부가] 먼지통용량: 0.55L / 색상: 마쉬멜로우+화이트 / 무게: 0.9kg / 스마트메모리 / 크기(가로x세로x깊이): 222x1020x200mm,249000
블랙앤데커 NSVA315J,"핸디/스틱청소기 / 핸디+스틱형 / 무선형 / [배터리] 충전시간: 10시간 / 리튬이온 / [필터] 헤파필터 / [기능] 셀프스탠딩 / [구성] 바닥 / 연장툴 / [부가] 색상: 블랙, 레드",41400
보아르 딥슬립클링 VCL-021WH,침구청소기 / 핸디형 / 무선형 / [기능] 청소모드: UV살균 / 진동수: 8000회(분당) / 흡입력: 9000Pa / 2단계여과 / 소비전력: 300W / [부가] 무게: 1.25kg / 크기(가로x세로x깊이): 220x210x125mm,38900
피앤지 와이드 스톰 차량용 청소기 PG-VC02,"차량용청소기 / 무선 / 흡입력: 8,000Pa / 최대출력: 120W / 헤파필터 / 추가노즐: 틈새, 솔브러쉬 / 사용시간: 20~30분 / 색상: 블랙, 화이트 / 충전시간: 3시간 / 충전방식: USB C타입 / 배터리용량: 2,000mAh / 크기: 200x160mm / 무게: 365g",35290
샤오미 드리미 V11SE,핸디/스틱청소기 / 핸디+스틱형 / 무선형 / 흡입전용 / 소비전력: 450W / [성능] 흡입력: 150AW / 흡입력: 24000Pa / 싸이클론 / [배터리] 충전시간: 3시간30분 / 사용시간(개당): 1시간 / [필터] 5단계여과 / 배터리잔량표시 / [구성] 바닥 / 침구 / 솔형 / 틈새 / 연장툴 / 거치대 / [부가] 먼지통용량: 0.5L / 색상: 실버그레이 / 무게: 1.6kg,282380
카데코 토드 제로 무선 청소기 TOAD22,"차량용청소기 / 무선 / 흡입력: 6,200Pa / 2중필터 / 헤파필터 / 스테인리스 필터 / 추가노즐: 틈새, 솔브러쉬 / 사용시간: 15분 / 크기: 75x34x75mm / 무게: 637g",61130
일렉트로룩스 퓨어 F9 PF91-5OGF,핸디/스틱청소기 / 스틱형 / 무선형 / 흡입전용 / [배터리] 충전시간: 6시간 / 사용시간(개당): 55분 / 내장형 / 리튬이온 / [필터] 5단계여과 / [기능] 셀프스탠딩 / LED라이트 / 배터리잔량표시 / [구성] 바닥 / 3in1 / 거치대 / [부가] 먼지통용량: 0.7L / 색상: 아이언그레이 / 무게: 4.1kg / 플렉스리프트 / 크기(가로x세로x깊이): 215x1200x249mm,269000
